Date,From,Subject,Snippet
"Sun, 22 Feb 2026 12:23:11 +0600",Abir Ehsan Evan <abir.ehsan11@gmail.com>,Havsbsva,Again
"Sun, 22 Feb 2026 12:21:43 +0600",Abir Ehsan Evan <abir.ehsan11@gmail.com>,Yeah,This is siu
"Sun, 22 Feb 2026 12:14:59 +0600",Abir Ehsan Evan <abir.ehsan11@gmail.com>,Check again,Real time?
"Sun, 22 Feb 2026 11:46:52 +0600",Abir Ehsan Evan <abir.ehsan11@gmail.com>,Check mail,Siuuu
"Sun, 22 Feb 2026 05:13:26 GMT",Google <no-reply@accounts.google.com>,2-Step Verification turned on,"2-Step Verification turned on abirehsanevan@gmail.com Your Google Account abirehsanevan@gmail.com is now protected with 2-Step Verification. When you sign in on a new or untrusted device, you&#39;ll"
"Sun, 22 Feb 2026 05:13:17 GMT",Google <no-reply@accounts.google.com>,Security alert,"Your password was changed abirehsanevan@gmail.com The password for your Google account abirehsanevan@gmail.com was changed. If you didn&#39;t change it, you should recover your account. You can also"
"Sun, 22 Feb 2026 05:13:17 GMT",Google <no-reply@accounts.google.com>,Your Google Account was recovered successfully,"Account recovered successfully abirehsanevan@gmail.com Welcome back to your account If you suspect you were locked out of your account because of changes made by someone else, you should review &amp;"
"Thu, 19 Feb 2026 16:28:06 +0000",Coursera <Coursera@m.learn.coursera.org>,New from Google! Go from familiar to AI fluent in 10 hours,Enroll in the Google AI Professional Certificate and build career-ready AI skills Í â€Œ ï»¿ Í â€Œ ï»¿ Í â€Œ ï»¿ Í â€Œ ï»¿ Í â€Œ ï»¿ Í â€Œ ï»¿ Í â€Œ ï»¿ Í â€Œ ï»¿ Í â€Œ ï»¿ Í â€Œ ï»¿ Í â€Œ ï»¿ Í â€Œ ï»¿ Í â€Œ ï»¿ Í â€Œ ï»¿ Í â€Œ ï»¿ Í â€Œ ï»¿ Í â€Œ ï»¿ Í â€Œ ï»¿ Í â€Œ ï»¿ Í â€Œ ï»¿
"Wed, 18 Feb 2026 10:03:02 -0500",Team Pinecone <community@trypinecone.com>,February Global NewsletterÂ ,"The official Pinecone Assistant node for n8n, a 10M-vector benchmark guide, and a deep dive into the applicability problem in RAG. Í Í Í Í Í Í Í Í Í Í Í Í Í Í Í Í Í Í Í Í Í Í Í Í Í Í Í Í Í Í Í Í Í Í Í"
"Fri, 13 Feb 2026 12:44:40 -0800",Google Cloud <CloudPlatform-noreply@google.com>,[Product Update] Automatic enablement of new OpenTelemetry ingestion API,"We&#39;re enabling a new OTLP ingestion API starting Mar 23, 2026. MY CONSOLE Hello Abir Ehsan, You may have previously received a notification regarding this update. If so, please disregard this"
"Fri, 13 Feb 2026 08:12:32 +0000",Coursera <Coursera@m.learn.coursera.org>,ğŸ‰  This weekend only: 40% off Coursera Plus,Save over $70 and build endless new career skills Í â€Œ ï»¿ Í â€Œ ï»¿ Í â€Œ ï»¿ Í â€Œ ï»¿ Í â€Œ ï»¿ Í â€Œ ï»¿ Í â€Œ ï»¿ Í â€Œ ï»¿ Í â€Œ ï»¿ Í â€Œ ï»¿ Í â€Œ ï»¿ Í â€Œ ï»¿ Í â€Œ ï»¿ Í â€Œ ï»¿ Í â€Œ ï»¿ Í â€Œ ï»¿ Í â€Œ ï»¿ Í â€Œ ï»¿ Í â€Œ ï»¿ Í â€Œ ï»¿ Í â€Œ ï»¿ Í â€Œ ï»¿ Í â€Œ ï»¿ Í â€Œ ï»¿ Í â€Œ ï»¿ Í
"Thu, 12 Feb 2026 16:23:20 +0000",Coursera <Coursera@m.learn.coursera.org>,Build modern data architecture skills with Microsoft,"Advance your skills designing, optimizing, and scaling data systems. Í â€Œ ï»¿ Í â€Œ ï»¿ Í â€Œ ï»¿ Í â€Œ ï»¿ Í â€Œ ï»¿ Í â€Œ ï»¿ Í â€Œ ï»¿ Í â€Œ ï»¿ Í â€Œ ï»¿ Í â€Œ ï»¿ Í â€Œ ï»¿ Í â€Œ ï»¿ Í â€Œ ï»¿ Í â€Œ ï»¿ Í â€Œ ï»¿ Í â€Œ ï»¿ Í â€Œ ï»¿ Í â€Œ ï»¿ Í â€Œ ï»¿ Í â€Œ ï»¿ Í â€Œ ï»¿ Í â€Œ ï»¿"
"Fri, 06 Feb 2026 15:44:12 +0000 (UTC)",Spotify <no-reply@spotify.com>,1 month of offline listening with Premium for à§³0,"Listen to music no matter where you go. Get Spotify Premium. Keep the music playing anywhere Take your favorite songs off the grid. With Spotify Premium, download and keep listening to music offline."
"Thu, 05 Feb 2026 16:20:45 +0000",Coursera <Coursera@m.learn.coursera.org>,New! Microsoft Generative AI Certificate,"Learn to build, fine-tune, and deploy generative AI models with Microsoft tools. Í â€Œ ï»¿ Í â€Œ ï»¿ Í â€Œ ï»¿ Í â€Œ ï»¿ Í â€Œ ï»¿ Í â€Œ ï»¿ Í â€Œ ï»¿ Í â€Œ ï»¿ Í â€Œ ï»¿ Í â€Œ ï»¿ Í â€Œ ï»¿ Í â€Œ ï»¿ Í â€Œ ï»¿ Í â€Œ ï»¿ Í â€Œ ï»¿ Í â€Œ ï»¿ Í â€Œ ï»¿ Í â€Œ ï»¿ Í â€Œ ï»¿ Í â€Œ ï»¿"
"Wed, 4 Feb 2026 10:49:24 +0000",Spline Team <hello@mail.spline.design>,Latest Spline Features & News,âœ¨ New in Hana: Frame as Fill for 3D Shapes Project any 2D frame onto 3D shapes in real-time using Hana. This update enables seamless integration between 2D and 3D design on the same interactive canvas.
"Tue, 3 Feb 2026 10:17:23 +0000",Spline Tutorials <hello@mail.spline.design>,$5k prizes | Spline x Contra - Hana Challenge,Spline Logo Spline x Contra â€” Hana Challenge Spline x Contra challenge is back! Create interactive and animated content that pushes the boundaries of design. Build in Hana (Spline&#39;s 2D &amp; 3D
"Mon, 02 Feb 2026 06:40:37 +0000 (UTC)",Base44 <team@base44.com>,Level up your build with these quick wins,"You&#39;re closer than you think Base44 Hey Abir, Just checking in. How&#39;s your app coming along? Just remember, every great build starts with a little trial and error which is all part of the"
"Mon, 02 Feb 2026 06:38:48 +0000 (UTC)",Base44 <team@base44.com>,Your welcome offer: 30% off â€” expires soon,"Your offer won&#39;t last long â€” grab 30% off today. You&#39;re invited to a Base44 Team Hi Abir, Welcome to Base44! ğŸ‘‹ We&#39;re excited to have you here and we&#39;ve unlocked a personal welcome offer"
"Mon, 02 Feb 2026 00:00:00 +0000 (UTC)",Base44 Team <team@base44.com>,Fresh credits just dropped,"Base44 Hi Abir, Your Base44 daily credits have refreshed. You&#39;re officially good to go. âœ… Let&#39;s pick up right where you left off with Pathfinder AI. Jump back in They refresh automatically"
"Sun, 01 Feb 2026 13:22:38 +0000",Coursera <Coursera@m.learn.coursera.org>,ğŸš¨ Ends tomorrow: Save 50% and enjoy all that Coursera Plus offers,Last chance to save. Discover what this annual subscription is really worth. Í â€Œ ï»¿ Í â€Œ ï»¿ Í â€Œ ï»¿ Í â€Œ ï»¿ Í â€Œ ï»¿ Í â€Œ ï»¿ Í â€Œ ï»¿ Í â€Œ ï»¿ Í â€Œ ï»¿ Í â€Œ ï»¿ Í â€Œ ï»¿ Í â€Œ ï»¿ Í â€Œ ï»¿ Í â€Œ ï»¿ Í â€Œ ï»¿ Í â€Œ ï»¿ Í â€Œ ï»¿ Í â€Œ ï»¿ Í â€Œ ï»¿ Í â€Œ ï»¿ Í â€Œ
"Sun, 01 Feb 2026 06:39:38 +0000 (UTC)",Base44 <team@base44.com>,Day 1 of bringing your idea to life,"See what&#39;s possible (and how to start fast) Base44 Hey Abir, We&#39;re so glad you&#39;re here! ğŸ‰ You&#39;ve got ideas and now you can turn them into real products. Whether you&#39;re building a"
"Sat, 31 Jan 2026 06:49:43 GMT",Google <no-reply@accounts.google.com>,Security alert for mizanhafizurrahman@gmail.com,"This is a copy of a security alert sent to mizanhafizurrahman@gmail.com. abirehsanevan@gmail.com is the recovery email for this account. If you don&#39;t recognize this account, remove it. App password"

"Sun, 22 Feb 2026 11:46:52 +0600",Abir Ehsan Evan <abir.ehsan11@gmail.com>,Check mail,Siuuu
"Sun, 22 Feb 2026 05:13:26 GMT",Google <no-reply@accounts.google.com>,2-Step Verification turned on,"2-Step Verification turned on abirehsanevan@gmail.com Your Google Account abirehsanevan@gmail.com is now protected with 2-Step Verification. When you sign in on a new or untrusted device, you&#39;ll"
"Sun, 22 Feb 2026 05:13:17 GMT",Google <no-reply@accounts.google.com>,Security alert,"Your password was changed abirehsanevan@gmail.com The password for your Google account abirehsanevan@gmail.com was changed. If you didn&#39;t change it, you should recover your account. You can also"
"Sun, 22 Feb 2026 05:13:17 GMT",Google <no-reply@accounts.google.com>,Your Google Account was recovered successfully,"Account recovered successfully abirehsanevan@gmail.com Welcome back to your account If you suspect you were locked out of your account because of changes made by someone else, you should review &amp;"
"Thu, 19 Feb 2026 16:28:06 +0000",Coursera <Coursera@m.learn.coursera.org>,New from Google! Go from familiar to AI fluent in 10 hours,Enroll in the Google AI Professional Certificate and build career-ready AI skills Í â€Œ ï»¿ Í â€Œ ï»¿ Í â€Œ ï»¿ Í â€Œ ï»¿ Í â€Œ ï»¿ Í â€Œ ï»¿ Í â€Œ ï»¿ Í â€Œ ï»¿ Í â€Œ ï»¿ Í â€Œ ï»¿ Í â€Œ ï»¿ Í â€Œ ï»¿ Í â€Œ ï»¿ Í â€Œ ï»¿ Í â€Œ ï»¿ Í â€Œ ï»¿ Í â€Œ ï»¿ Í â€Œ ï»¿ Í â€Œ ï»¿ Í â€Œ ï»¿
"Wed, 18 Feb 2026 10:03:02 -0500",Team Pinecone <community@trypinecone.com>,February Global NewsletterÂ ,"The official Pinecone Assistant node for n8n, a 10M-vector benchmark guide, and a deep dive into the applicability problem in RAG. Í Í Í Í Í Í Í Í Í Í Í Í Í Í Í Í Í Í Í Í Í Í Í Í Í Í Í Í Í Í Í Í Í Í Í"
"Fri, 13 Feb 2026 12:44:40 -0800",Google Cloud <CloudPlatform-noreply@google.com>,[Product Update] Automatic enablement of new OpenTelemetry ingestion API,"We&#39;re enabling a new OTLP ingestion API starting Mar 23, 2026. MY CONSOLE Hello Abir Ehsan, You may have previously received a notification regarding this update. If so, please disregard this"
"Fri, 13 Feb 2026 08:12:32 +0000",Coursera <Coursera@m.learn.coursera.org>,ğŸ‰  This weekend only: 40% off Coursera Plus,Save over $70 and build endless new career skills Í â€Œ ï»¿ Í â€Œ ï»¿ Í â€Œ ï»¿ Í â€Œ ï»¿ Í â€Œ ï»¿ Í â€Œ ï»¿ Í â€Œ ï»¿ Í â€Œ ï»¿ Í â€Œ ï»¿ Í â€Œ ï»¿ Í â€Œ ï»¿ Í â€Œ ï»¿ Í â€Œ ï»¿ Í â€Œ ï»¿ Í â€Œ ï»¿ Í â€Œ ï»¿ Í â€Œ ï»¿ Í â€Œ ï»¿ Í â€Œ ï»¿ Í â€Œ ï»¿ Í â€Œ ï»¿ Í â€Œ ï»¿ Í â€Œ ï»¿ Í â€Œ ï»¿ Í â€Œ ï»¿ Í
"Thu, 12 Feb 2026 16:23:20 +0000",Coursera <Coursera@m.learn.coursera.org>,Build modern data architecture skills with Microsoft,"Advance your skills designing, optimizing, and scaling data systems. Í â€Œ ï»¿ Í â€Œ ï»¿ Í â€Œ ï»¿ Í â€Œ ï»¿ Í â€Œ ï»¿ Í â€Œ ï»¿ Í â€Œ ï»¿ Í â€Œ ï»¿ Í â€Œ ï»¿ Í â€Œ ï»¿ Í â€Œ ï»¿ Í â€Œ ï»¿ Í â€Œ ï»¿ Í â€Œ ï»¿ Í â€Œ ï»¿ Í â€Œ ï»¿ Í â€Œ ï»¿ Í â€Œ ï»¿ Í â€Œ ï»¿ Í â€Œ ï»¿ Í â€Œ ï»¿ Í â€Œ ï»¿"
"Fri, 06 Feb 2026 15:44:12 +0000 (UTC)",Spotify <no-reply@spotify.com>,1 month of offline listening with Premium for à§³0,"Listen to music no matter where you go. Get Spotify Premium. Keep the music playing anywhere Take your favorite songs off the grid. With Spotify Premium, download and keep listening to music offline."
"Thu, 05 Feb 2026 16:20:45 +0000",Coursera <Coursera@m.learn.coursera.org>,New! Microsoft Generative AI Certificate,"Learn to build, fine-tune, and deploy generative AI models with Microsoft tools. Í â€Œ ï»¿ Í â€Œ ï»¿ Í â€Œ ï»¿ Í â€Œ ï»¿ Í â€Œ ï»¿ Í â€Œ ï»¿ Í â€Œ ï»¿ Í â€Œ ï»¿ Í â€Œ ï»¿ Í â€Œ ï»¿ Í â€Œ ï»¿ Í â€Œ ï»¿ Í â€Œ ï»¿ Í â€Œ ï»¿ Í â€Œ ï»¿ Í â€Œ ï»¿ Í â€Œ ï»¿ Í â€Œ ï»¿ Í â€Œ ï»¿ Í â€Œ ï»¿"
"Wed, 4 Feb 2026 10:49:24 +0000",Spline Team <hello@mail.spline.design>,Latest Spline Features & News,âœ¨ New in Hana: Frame as Fill for 3D Shapes Project any 2D frame onto 3D shapes in real-time using Hana. This update enables seamless integration between 2D and 3D design on the same interactive canvas.
"Tue, 3 Feb 2026 10:17:23 +0000",Spline Tutorials <hello@mail.spline.design>,$5k prizes | Spline x Contra - Hana Challenge,Spline Logo Spline x Contra â€” Hana Challenge Spline x Contra challenge is back! Create interactive and animated content that pushes the boundaries of design. Build in Hana (Spline&#39;s 2D &amp; 3D
"Mon, 02 Feb 2026 06:40:37 +0000 (UTC)",Base44 <team@base44.com>,Level up your build with these quick wins,"You&#39;re closer than you think Base44 Hey Abir, Just checking in. How&#39;s your app coming along? Just remember, every great build starts with a little trial and error which is all part of the"
"Mon, 02 Feb 2026 06:38:48 +0000 (UTC)",Base44 <team@base44.com>,Your welcome offer: 30% off â€” expires soon,"Your offer won&#39;t last long â€” grab 30% off today. You&#39;re invited to a Base44 Team Hi Abir, Welcome to Base44! ğŸ‘‹ We&#39;re excited to have you here and we&#39;ve unlocked a personal welcome offer"
"Mon, 02 Feb 2026 00:00:00 +0000 (UTC)",Base44 Team <team@base44.com>,Fresh credits just dropped,"Base44 Hi Abir, Your Base44 daily credits have refreshed. You&#39;re officially good to go. âœ… Let&#39;s pick up right where you left off with Pathfinder AI. Jump back in They refresh automatically"
"Sun, 01 Feb 2026 13:22:38 +0000",Coursera <Coursera@m.learn.coursera.org>,ğŸš¨ Ends tomorrow: Save 50% and enjoy all that Coursera Plus offers,Last chance to save. Discover what this annual subscription is really worth. Í â€Œ ï»¿ Í â€Œ ï»¿ Í â€Œ ï»¿ Í â€Œ ï»¿ Í â€Œ ï»¿ Í â€Œ ï»¿ Í â€Œ ï»¿ Í â€Œ ï»¿ Í â€Œ ï»¿ Í â€Œ ï»¿ Í â€Œ ï»¿ Í â€Œ ï»¿ Í â€Œ ï»¿ Í â€Œ ï»¿ Í â€Œ ï»¿ Í â€Œ ï»¿ Í â€Œ ï»¿ Í â€Œ ï»¿ Í â€Œ ï»¿ Í â€Œ ï»¿ Í â€Œ
"Sun, 01 Feb 2026 06:39:38 +0000 (UTC)",Base44 <team@base44.com>,Day 1 of bringing your idea to life,"See what&#39;s possible (and how to start fast) Base44 Hey Abir, We&#39;re so glad you&#39;re here! ğŸ‰ You&#39;ve got ideas and now you can turn them into real products. Whether you&#39;re building a"
"Sat, 31 Jan 2026 06:49:43 GMT",Google <no-reply@accounts.google.com>,Security alert for mizanhafizurrahman@gmail.com,"This is a copy of a security alert sent to mizanhafizurrahman@gmail.com. abirehsanevan@gmail.com is the recovery email for this account. If you don&#39;t recognize this account, remove it. App password"
"Sat, 31 Jan 2026 06:47:09 GMT",Google <no-reply@accounts.google.com>,Security alert for mizanhafizurrahman@gmail.com,"This is a copy of a security alert sent to mizanhafizurrahman@gmail.com. abirehsanevan@gmail.com is the recovery email for this account. If you don&#39;t recognize this account, remove it. 2-Step"
"Sat, 31 Jan 2026 06:46:16 GMT",Google <no-reply@accounts.google.com>,Your email is now a recovery email for mizanhafizurrahman@gmail.com,"This is a copy of a security alert sent to mizanhafizurrahman@gmail.com. abirehsanevan@gmail.com is the recovery email for this account. If you don&#39;t recognize this account, remove it. Your email"
"Sat, 31 Jan 2026 06:45:49 +0000",Google <noreply@google.com>,Email verification code: 271798,Verify your recovery email Google received a request to use abirehsanevan@gmail.com as a recovery email for Google Account mizanhafizurrahman@gmail.com. Use this code to finish setting up this recovery
"Fri, 30 Jan 2026 18:13:29 +0000",Lovable <noreply@lovable.dev>,Power your app with Lovable Cloud âš¡,"Explore Lovable Cloud Hey there, You&#39;ve built a beautiful front end â€” now let&#39;s make it do things. With Lovable Cloud your app can save data and connect with other services, no coding required."
"Thu, 29 Jan 2026 13:14:19 +0000",Coursera <Coursera@m.learn.coursera.org>,ğŸš¨ Final days to save 50% and gain high-income skills,Last chance to start 2026 at a low price and grow your earning power Í â€Œ ï»¿ Í â€Œ ï»¿ Í â€Œ ï»¿ Í â€Œ ï»¿ Í â€Œ ï»¿ Í â€Œ ï»¿ Í â€Œ ï»¿ Í â€Œ ï»¿ Í â€Œ ï»¿ Í â€Œ ï»¿ Í â€Œ ï»¿ Í â€Œ ï»¿ Í â€Œ ï»¿ Í â€Œ ï»¿ Í â€Œ ï»¿ Í â€Œ ï»¿ Í â€Œ ï»¿ Í â€Œ ï»¿ Í â€Œ ï»¿ Í â€Œ ï»¿ Í â€Œ ï»¿ Í â€Œ ï»¿
"Wed, 28 Jan 2026 22:13:04 +0000",Lovable <noreply@lovable.dev>,Introducing a more intelligent Lovable,It&#39;s time to build more and manage less. Í Í Í Í Í Í Í Í Í Í Í Í Í Í Í Í Í Í Í Í Í Í Í Í Í Í Í Í Í Í Í Í Í Í Í Í Í Í Í Í Í Í Í Í Í Í Í Í Í Í Í Í Í Í Í Í Í Í Í Í Í Í Í Í Í Í Í Í Í Í Í Í Í Í Í Í Í Í
"Wed, 28 Jan 2026 18:13:16 +0000",Lovable <noreply@lovable.dev>,Give your project a glow up,"Give your project a glow-up Hey there, Designing your app in Lovable is as easy as it gets, no coding required. Here&#39;s how to make your app stand out: Visual Edits: Click â€œEditâ€ below the chat box,"
"Mon, 26 Jan 2026 18:09:09 +0000",Lovable <noreply@lovable.dev>,How to write the perfect prompt,"Lovable.dev How to write the perfect prompt Hey there, In Lovable, everything begins with your prompt. Here&#39;s 5 tips for making sure your builds start strong: Be specific: Include details about"
"Sat, 24 Jan 2026 13:14:33 +0000",Coursera <Coursera@m.learn.coursera.org>,â³ Time's almost up! Save 50% and see how Coursera Plus is priceless,This offer ends soon. Discover what this annual subscription is really worth. Í â€Œ ï»¿ Í â€Œ ï»¿ Í â€Œ ï»¿ Í â€Œ ï»¿ Í â€Œ ï»¿ Í â€Œ ï»¿ Í â€Œ ï»¿ Í â€Œ ï»¿ Í â€Œ ï»¿ Í â€Œ ï»¿ Í â€Œ ï»¿ Í â€Œ ï»¿ Í â€Œ ï»¿ Í â€Œ ï»¿ Í â€Œ ï»¿ Í â€Œ ï»¿ Í â€Œ ï»¿ Í â€Œ ï»¿ Í â€Œ ï»¿ Í â€Œ ï»¿ Í â€Œ
"Sat, 24 Jan 2026 09:35:41 +0000",Lovable <noreply@lovable.dev>,Welcome to Lovable.,Ready to build apps and websites by chatting with AI? Í Í Í Í Í Í Í Í Í Í Í Í Í Í Í Í Í Í Í Í Í Í Í Í Í Í Í Í Í Í Í Í Í Í Í Í Í Í Í Í Í Í Í Í Í Í Í Í Í Í Í Í Í Í Í Í Í Í Í Í Í Í Í Í Í Í Í Í Í Í Í Í Í Í
"Thu, 22 Jan 2026 13:13:05 +0000",Coursera <Coursera@m.learn.coursera.org>,ğŸ‘€ Offer ends soon! Save 50% and get endless value with Coursera Plus,Discover what this annual subscription is really worth. Í â€Œ ï»¿ Í â€Œ ï»¿ Í â€Œ ï»¿ Í â€Œ ï»¿ Í â€Œ ï»¿ Í â€Œ ï»¿ Í â€Œ ï»¿ Í â€Œ ï»¿ Í â€Œ ï»¿ Í â€Œ ï»¿ Í â€Œ ï»¿ Í â€Œ ï»¿ Í â€Œ ï»¿ Í â€Œ ï»¿ Í â€Œ ï»¿ Í â€Œ ï»¿ Í â€Œ ï»¿ Í â€Œ ï»¿ Í â€Œ ï»¿ Í â€Œ ï»¿ Í â€Œ ï»¿ Í â€Œ ï»¿ Í â€Œ ï»¿ Í â€Œ ï»¿ Í
"Wed, 21 Jan 2026 14:53:03 +0000",Canva <no-reply@account.canva.com>,Your login code is 227455,Enter 227455 in the next 10 minutes. Í Í Í Í Í Í Í Í Í Í Í Í Í Í Í Í Í Í Í Í Í Í Í Í Í Í Í Í Í Í Í Í Í Í Í Í Í Í Í Í Í Í Í Í Í Í Í Í Í Í Í Í Í Í Í Í Í Í Í Í Í Í Í Í Í Í Í Í Í Í Í Í Í Í Í Í Í Í Í Í Í Í
"Sun, 18 Jan 2026 14:38:11 +0600",Abir Ehsan Evan <abirehsanevan@gmail.com>,TTS,betopia-rag-chatbotv7 (STT and TTS free model).zip
"Sun, 18 Jan 2026 08:36:15 GMT",Google <no-reply@accounts.google.com>,Security alert,"New sign-in to your account abirehsanevan@gmail.com We noticed a new sign-in to your Google Account. If this was you, you don&#39;t need to do anything. If not, we&#39;ll help you secure your account."
"Sun, 18 Jan 2026 08:36:15 GMT",Google <no-reply@accounts.google.com>,Your Google Account was recovered successfully,"Account recovered successfully abirehsanevan@gmail.com Welcome back to your account If you suspect you were locked out of your account because of changes made by someone else, you should review &amp;"
"Thu, 15 Jan 2026 13:20:39 +0000",Coursera <Coursera@m.learn.coursera.org>,ğŸ§­ Ends soon! Save 50% along your data career journey,Data professionals wanted: Answer the call with Coursera Plus Í â€Œ ï»¿ Í â€Œ ï»¿ Í â€Œ ï»¿ Í â€Œ ï»¿ Í â€Œ ï»¿ Í â€Œ ï»¿ Í â€Œ ï»¿ Í â€Œ ï»¿ Í â€Œ ï»¿ Í â€Œ ï»¿ Í â€Œ ï»¿ Í â€Œ ï»¿ Í â€Œ ï»¿ Í â€Œ ï»¿ Í â€Œ ï»¿ Í â€Œ ï»¿ Í â€Œ ï»¿ Í â€Œ ï»¿ Í â€Œ ï»¿ Í â€Œ ï»¿ Í â€Œ ï»¿ Í â€Œ ï»¿ Í â€Œ ï»¿ Í
"Wed, 14 Jan 2026 13:42:48 +0000 (UTC)",Spotify <no-reply@spotify.com>,Enjoy 1 month of ad-free music listening for à§³0,Turn on nonstop music listening. Get Spotify Premium. Get 1 month of ad-free music listening with Spotify Keep the party going with ad-free music listening on Spotify Premium. GET 1 MONTH FOR à§³0
"Tue, 13 Jan 2026 06:19:08 +0000",Canva <no-reply@account.canva.com>,Your login code is 621225,Enter 621225 in the next 10 minutes. Í Í Í Í Í Í Í Í Í Í Í Í Í Í Í Í Í Í Í Í Í Í Í Í Í Í Í Í Í Í Í Í Í Í Í Í Í Í Í Í Í Í Í Í Í Í Í Í Í Í Í Í Í Í Í Í Í Í Í Í Í Í Í Í Í Í Í Í Í Í Í Í Í Í Í Í Í Í Í Í Í Í
"Thu, 08 Jan 2026 13:28:12 +0000",Coursera <Coursera@m.learn.coursera.org>,Save 50% now and skill up with Microsoft all year,"Master leading Microsoft tools like Copilot, 365, and Power BI Í â€Œ ï»¿ Í â€Œ ï»¿ Í â€Œ ï»¿ Í â€Œ ï»¿ Í â€Œ ï»¿ Í â€Œ ï»¿ Í â€Œ ï»¿ Í â€Œ ï»¿ Í â€Œ ï»¿ Í â€Œ ï»¿ Í â€Œ ï»¿ Í â€Œ ï»¿ Í â€Œ ï»¿ Í â€Œ ï»¿ Í â€Œ ï»¿ Í â€Œ ï»¿ Í â€Œ ï»¿ Í â€Œ ï»¿ Í â€Œ ï»¿ Í â€Œ ï»¿ Í â€Œ ï»¿ Í â€Œ ï»¿ Í â€Œ ï»¿"
"Thu, 8 Jan 2026 05:49:24 +0000",Canva <no-reply@account.canva.com>,Your login code is 557637,Enter 557637 in the next 10 minutes. Í Í Í Í Í Í Í Í Í Í Í Í Í Í Í Í Í Í Í Í Í Í Í Í Í Í Í Í Í Í Í Í Í Í Í Í Í Í Í Í Í Í Í Í Í Í Í Í Í Í Í Í Í Í Í Í Í Í Í Í Í Í Í Í Í Í Í Í Í Í Í Í Í Í Í Í Í Í Í Í Í Í
"Wed, 07 Jan 2026 07:43:32 +0000 (UTC)",Spotify <no-reply@spotify.com>,1 month of offline listening with Premium for à§³0,"Listen to music no matter where you go. Get Spotify Premium. Keep the music playing anywhere Take your favorite songs off the grid. With Spotify Premium, download and keep listening to music offline."
"Sat, 03 Jan 2026 23:33:58 -0800",Google AI Studio <googleaistudio-noreply@google.com>,"Hi Abir Ehsan, welcome to Google AI Studio",Build with the latest state-of-the-art models from Google DeepMind. â€Í Í â€Í Í â€Í Í â€Í Í â€Í Í â€Í Í â€Í Í â€Í Í â€Í Í â€Í Í â€Í Í â€Í Í â€Í Í â€Í Í â€Í Í â€Í Í â€Í Í â€Í Í â€Í Í â€Í Í â€Í Í â€Í Í â€Í Í â€Í Í â€Í Í â€Í Í â€Í
"Sun, 04 Jan 2026 05:19:20 GMT",Google <no-reply@accounts.google.com>,Security alert,"New sign-in to your account abirehsanevan@gmail.com We noticed a new sign-in to your Google Account. If this was you, you don&#39;t need to do anything. If not, we&#39;ll help you secure your account."
"Sun, 04 Jan 2026 05:19:20 GMT",Google <no-reply@accounts.google.com>,Your Google Account was recovered successfully,"Account recovered successfully abirehsanevan@gmail.com Welcome back to your account If you suspect you were locked out of your account because of changes made by someone else, you should review &amp;"
"Sat, 3 Jan 2026 03:58:43 +0000",Canva <no-reply@account.canva.com>,Your login code is 796503,Enter 796503 in the next 10 minutes. Í Í Í Í Í Í Í Í Í Í Í Í Í Í Í Í Í Í Í Í Í Í Í Í Í Í Í Í Í Í Í Í Í Í Í Í Í Í Í Í Í Í Í Í Í Í Í Í Í Í Í Í Í Í Í Í Í Í Í Í Í Í Í Í Í Í Í Í Í Í Í Í Í Í Í Í Í Í Í Í Í Í
"Thu, 01 Jan 2026 14:12:17 +0000",Coursera <Coursera@m.learn.coursera.org>,Wrap up 2025 with 50% off Coursera Plus for 2026,Tap into what&#39;s trending with New Year&#39;s savings on your subscription Í â€Œ ï»¿ Í â€Œ ï»¿ Í â€Œ ï»¿ Í â€Œ ï»¿ Í â€Œ ï»¿ Í â€Œ ï»¿ Í â€Œ ï»¿ Í â€Œ ï»¿ Í â€Œ ï»¿ Í â€Œ ï»¿ Í â€Œ ï»¿ Í â€Œ ï»¿ Í â€Œ ï»¿ Í â€Œ ï»¿ Í â€Œ ï»¿ Í â€Œ ï»¿ Í â€Œ ï»¿ Í â€Œ ï»¿ Í â€Œ ï»¿ Í â€Œ ï»¿ Í â€Œ
"Mon, 29 Dec 2025 10:31:47 -0500",Team Pinecone <community@pinecone.io>,Do you have any feedback for us?,"Any blockers with your Pinecone project? Pinecone Hi Abir Ehsan, We would love to hear from you! How has your experience with Pinecone been? Are there any RAG product features that are missing? What"
"Fri, 26 Dec 2025 10:31:46 -0500",Team Pinecone <community@pinecone.io>,Why RAG Developers Use Pinecone,"Learn how Pinecone Customers find success with the world&#39;s leading vector database. Pinecone Hi Abir Ehsan, We can come up with dozens of reasons why Pinecone is the world&#39;s leading vector"
"Fri, 26 Dec 2025 13:21:49 +0000",Coursera <Coursera@m.learn.coursera.org>,ğŸ’¡ End the year strong with 50% off Coursera Plus,Start your journey and join learners who improved their careers with Coursera Plus Í â€Œ ï»¿ Í â€Œ ï»¿ Í â€Œ ï»¿ Í â€Œ ï»¿ Í â€Œ ï»¿ Í â€Œ ï»¿ Í â€Œ ï»¿ Í â€Œ ï»¿ Í â€Œ ï»¿ Í â€Œ ï»¿ Í â€Œ ï»¿ Í â€Œ ï»¿ Í â€Œ ï»¿ Í â€Œ ï»¿ Í â€Œ ï»¿ Í â€Œ ï»¿ Í â€Œ ï»¿ Í â€Œ ï»¿ Í â€Œ ï»¿ Í â€Œ
"Mon, 22 Dec 2025 10:31:45 -0500",Team Pinecone <community@pinecone.io>,Improve your RAG accuracy,"Here are features that you can use to enhance your application Pinecone Hi Abir Ehsan, There are a variety of techniques you can use to increase the performance of your RAG application. One common"
"Sun, 21 Dec 2025 10:31:44 -0500",Team Pinecone <community@pinecone.io>,Important developer resources for you,"Pinecone RAG launches in minutes - powers complex applications. Pinecone Hi Abir Ehsan, Welcome to Pinecone! Our AI knowledge platform makes it easy to securely build AI RAG applications at scale. The"
"Sat, 20 Dec 2025 10:31:43 -0500",Team Pinecone <community@pinecone.io>,Welcome to Pinecone! Letâ€™s get started,"Create your RAG application by creating your first index Pinecone Hi Abir Ehsan, Welcome to Pinecone! Let&#39;s get your first Pinecone RAG index up and running. Start with these 4 steps: 1. Install"
"Fri, 19 Dec 2025 08:56:37 -0500",Pinecone <support@pinecone.io>,Welcome to Pinecone,"You&#39;re in good company with thousands of ML and software engineers from companies like Vanguard, Gong, Rubrik, Cisco, Sanofi, New Relic and more email-header Welcome to Pinecone â€” the leading"
"Thu, 18 Dec 2025 22:45:18 +0000",Spline Tutorials <hello@mail.spline.design>,ğŸ”¥3D Shapes in Hana Tutorial!,"Intro to 3D shapes with Hana Hey there ğŸ‘‹ We are excited to introduce a game-changing feature: 3D Shapes. You can now design with 2D and 3D elements on the same canvas, all in real-time. In this"
"Thu, 18 Dec 2025 13:12:22 +0000",Coursera <Coursera@m.learn.coursera.org>,ğŸ 50% off Coursera Plus is here to end the year,Start 2026 strong with 10000+ programs unlocked Í â€Œ ï»¿ Í â€Œ ï»¿ Í â€Œ ï»¿ Í â€Œ ï»¿ Í â€Œ ï»¿ Í â€Œ ï»¿ Í â€Œ ï»¿ Í â€Œ ï»¿ Í â€Œ ï»¿ Í â€Œ ï»¿ Í â€Œ ï»¿ Í â€Œ ï»¿ Í â€Œ ï»¿ Í â€Œ ï»¿ Í â€Œ ï»¿ Í â€Œ ï»¿ Í â€Œ ï»¿ Í â€Œ ï»¿ Í â€Œ ï»¿ Í â€Œ ï»¿ Í â€Œ ï»¿ Í â€Œ ï»¿ Í â€Œ ï»¿ Í â€Œ ï»¿ Í â€Œ ï»¿ Í â€Œ
"Wed, 17 Dec 2025 03:44:35 -0800",Google Gemini <google-gemini-noreply@google.com>,Youâ€™re now using Gemini on web,Learn more about what you can do with Gemini web app. â€Œ â€Œ â€Œ â€Œ â€Œ â€Œ â€Œ â€Œ â€Œ â€Œ â€Œ â€Œ â€Œ â€Œ â€Œ â€Œ â€Œ â€Œ â€Œ â€Œ â€Œ â€Œ â€Œ â€Œ â€Œ â€Œ â€Œ â€Œ â€Œ â€Œ â€Œ â€Œ â€Œ â€Œ â€Œ â€Œ â€Œ â€Œ â€Œ â€Œ â€Œ â€Œ â€Œ â€Œ â€Œ â€Œ â€Œ â€Œ â€Œ â€Œ â€Œ â€Œ â€Œ â€Œ â€Œ â€Œ â€Œ â€Œ â€Œ â€Œ â€Œ â€Œ â€Œ â€Œ â€Œ â€Œ â€Œ â€Œ â€Œ â€Œ â€Œ â€Œ â€Œ â€Œ
"Fri, 12 Dec 2025 21:11:04 +0000",Spline Team <hello@mail.spline.design>,ğŸ”” Spline Holiday Design Challenge is Live!,"ğŸ”” The Holiday Design Challenge is Live! There is still time to join our Holiday Design Challenge! We are offering cash prizes of $1250, $750, and $500 for the top entries in each of the following"
"Thu, 11 Dec 2025 23:10:19 +0000",Spline Team <hello@mail.spline.design>,âœ¨ Introducing 3D shapes in Hana!,"âœ¨ Introducing 3D shapes in Hana Bringing 3D and 2D together in single, powerful workflow. We just launched 3D shapes in Hana to help you design with 3D faster and easier, all on a 2D canvas with the"
"Thu, 11 Dec 2025 16:31:33 +0000",Coursera <Coursera@m.learn.coursera.org>,ğŸ“ˆ Level up your AI skills with PyTorch,Learn from DeepLearning.AI experts and master one of today&#39;s most powerful AI tools. Í â€Œ ï»¿ Í â€Œ ï»¿ Í â€Œ ï»¿ Í â€Œ ï»¿ Í â€Œ ï»¿ Í â€Œ ï»¿ Í â€Œ ï»¿ Í â€Œ ï»¿ Í â€Œ ï»¿ Í â€Œ ï»¿ Í â€Œ ï»¿ Í â€Œ ï»¿ Í â€Œ ï»¿ Í â€Œ ï»¿ Í â€Œ ï»¿ Í â€Œ ï»¿ Í â€Œ ï»¿ Í â€Œ ï»¿ Í â€Œ
"Wed, 10 Dec 2025 18:05:10 -0800",Google Play <googleplay-noreply@google.com>,Updates to how privacy settings work on Play,"Hello Abir Ehsan, We&#39;ve updated settings that manage personalization and activity history on Play. You&#39;ll have dedicated controls for personalization on Play and for saving activity in your"
"Tue, 9 Dec 2025 22:40:13 +0000",Spline Tutorials <hello@mail.spline.design>,ğŸ”¥ New Tutorial! 3D Portal Experience with SwiftUI,"3D Portal Experience with SwiftUI Hey there ğŸ‘‹ğŸ¼ In this tutorial, we are building something really cool: an Interactive 3D Portal that reacts to your phone&#39;s movement! We will combine Spline&#39;s"
"Thu, 4 Dec 2025 18:29:44 +0000",Spline Team <hello@mail.spline.design>,ğŸ”¥ New Spline Updates,"ğŸ†• Nano Banana 2 with Hana AI! Google&#39;s Nano Banana Pro from Gemini 3 is now available in Hana to help you generate, remix, and refine visuals instantly. Instead of starting from scratch, you can"
"Thu, 04 Dec 2025 16:26:28 +0000",Coursera <Coursera@m.learn.coursera.org>,Learn AI agent essentials with Microsoft Azure,Create scalable AI solutions with Microsoft&#39;s powerful Azure ecosystem. Í â€Œ ï»¿ Í â€Œ ï»¿ Í â€Œ ï»¿ Í â€Œ ï»¿ Í â€Œ ï»¿ Í â€Œ ï»¿ Í â€Œ ï»¿ Í â€Œ ï»¿ Í â€Œ ï»¿ Í â€Œ ï»¿ Í â€Œ ï»¿ Í â€Œ ï»¿ Í â€Œ ï»¿ Í â€Œ ï»¿ Í â€Œ ï»¿ Í â€Œ ï»¿ Í â€Œ ï»¿ Í â€Œ ï»¿ Í â€Œ ï»¿ Í â€Œ ï»¿ Í â€Œ ï»¿
"Wed, 3 Dec 2025 19:17:53 +0000",Spline Tutorials <hello@mail.spline.design>,ğŸ”¥ New Tutorial! Exporting Spline 3D for Web,Exporting Spline 3D for Web Hey there ğŸ‘‹ğŸ¼ Our latest tutorial is a mini masterclass on bringing your Spline 3D designs to life on the web! We&#39;ll walk you through everything you need to know about
"Mon, 01 Dec 2025 14:18:45 +0000",Coursera <Coursera@m.learn.coursera.org>,ğŸ“£ Last day for 40% off. Lock in big savings.,Black Friday is better with Coursera Plus. Explore all the skills for you. Í â€Œ ï»¿ Í â€Œ ï»¿ Í â€Œ ï»¿ Í â€Œ ï»¿ Í â€Œ ï»¿ Í â€Œ ï»¿ Í â€Œ ï»¿ Í â€Œ ï»¿ Í â€Œ ï»¿ Í â€Œ ï»¿ Í â€Œ ï»¿ Í â€Œ ï»¿ Í â€Œ ï»¿ Í â€Œ ï»¿ Í â€Œ ï»¿ Í â€Œ ï»¿ Í â€Œ ï»¿ Í â€Œ ï»¿ Í â€Œ ï»¿ Í â€Œ ï»¿ Í â€Œ ï»¿
"Fri, 28 Nov 2025 15:42:19 +0000",Coursera <Coursera@m.learn.coursera.org>,Black Friday offer: 40% off Coursera Plus,ğŸš¨Ends soon â€“ take advantage of the Black Friday deal on Coursera Plus Í â€Œ ï»¿ Í â€Œ ï»¿ Í â€Œ ï»¿ Í â€Œ ï»¿ Í â€Œ ï»¿ Í â€Œ ï»¿ Í â€Œ ï»¿ Í â€Œ ï»¿ Í â€Œ ï»¿ Í â€Œ ï»¿ Í â€Œ ï»¿ Í â€Œ ï»¿ Í â€Œ ï»¿ Í â€Œ ï»¿ Í â€Œ ï»¿ Í â€Œ ï»¿ Í â€Œ ï»¿ Í â€Œ ï»¿ Í â€Œ ï»¿ Í â€Œ ï»¿ Í â€Œ ï»¿ Í â€Œ ï»¿
"Tue, 25 Nov 2025 22:34:42 +0000",Spline Team <hello@mail.spline.design>,âš¡Spline now supports light mode!,âš¡Spline now supports light mode! We&#39;ve brought a fresh new look to Spline. You can now switch to Light Mode for a brighter creative environment that helps your designs shine. Try it now! Toggle
"Tue, 25 Nov 2025 15:58:07 GMT",Google <no-reply@accounts.google.com>,Your Google Account was recovered successfully,"Account recovered successfully abirehsanevan@gmail.com Welcome back to your account If you suspect you were locked out of your account because of changes made by someone else, you should review &amp;"
"Tue, 25 Nov 2025 15:58:04 GMT",Google <no-reply@accounts.google.com>,Security alert,"New passkey added to your account abirehsanevan@gmail.com If you didn&#39;t add a passkey, someone might be using your account. Check and secure your account now. Check activity You can also see"
"Thu, 20 Nov 2025 15:31:30 +0000",Coursera <Coursera@m.learn.coursera.org>,Get 40% off top Google programs and more,Unlock Google learning and save with this holiday deal on Coursera Plus. Í â€Œ ï»¿ Í â€Œ ï»¿ Í â€Œ ï»¿ Í â€Œ ï»¿ Í â€Œ ï»¿ Í â€Œ ï»¿ Í â€Œ ï»¿ Í â€Œ ï»¿ Í â€Œ ï»¿ Í â€Œ ï»¿ Í â€Œ ï»¿ Í â€Œ ï»¿ Í â€Œ ï»¿ Í â€Œ ï»¿ Í â€Œ ï»¿ Í â€Œ ï»¿ Í â€Œ ï»¿ Í â€Œ ï»¿ Í â€Œ ï»¿ Í â€Œ ï»¿ Í â€Œ ï»¿ Í
"Thu, 13 Nov 2025 15:46:47 +0000",Coursera <Coursera@m.learn.coursera.org>,Take 40% off Coursera Plus. Tap into whatâ€™s new.,"Find the newest courses and credentials, ready for you with Coursera Plus Í â€Œ ï»¿ Í â€Œ ï»¿ Í â€Œ ï»¿ Í â€Œ ï»¿ Í â€Œ ï»¿ Í â€Œ ï»¿ Í â€Œ ï»¿ Í â€Œ ï»¿ Í â€Œ ï»¿ Í â€Œ ï»¿ Í â€Œ ï»¿ Í â€Œ ï»¿ Í â€Œ ï»¿ Í â€Œ ï»¿ Í â€Œ ï»¿ Í â€Œ ï»¿ Í â€Œ ï»¿ Í â€Œ ï»¿ Í â€Œ ï»¿ Í â€Œ ï»¿ Í â€Œ ï»¿ Í"
"Thu, 06 Nov 2025 16:51:25 +0000",Coursera <Coursera@m.learn.coursera.org>,ğŸ Enjoy 40% off and open up Coursera Plus,Make Coursera Plus a gift from you to you and go far in your career Í â€Œ ï»¿ Í â€Œ ï»¿ Í â€Œ ï»¿ Í â€Œ ï»¿ Í â€Œ ï»¿ Í â€Œ ï»¿ Í â€Œ ï»¿ Í â€Œ ï»¿ Í â€Œ ï»¿ Í â€Œ ï»¿ Í â€Œ ï»¿ Í â€Œ ï»¿ Í â€Œ ï»¿ Í â€Œ ï»¿ Í â€Œ ï»¿ Í â€Œ ï»¿ Í â€Œ ï»¿ Í â€Œ ï»¿ Í â€Œ ï»¿ Í â€Œ ï»¿ Í â€Œ ï»¿ Í â€Œ ï»¿ Í
"Wed, 5 Nov 2025 21:14:56 +0000",Spline Team <hello@mail.spline.design>,ğŸ”¥ Latest Spline Updates,"ğŸƒğŸ¼â€â™‚ï¸ğŸ’¨ Create faster with AI in Hana! Hana now comes with AI-powered tools to help you generate, remix, and refine visuals instantly. Instead of starting from scratch, you can use prompts or existing"
"Sat, 01 Nov 2025 18:16:49 GMT",Google <no-reply@accounts.google.com>,Security alert,"Your password was changed abirehsanevan@gmail.com The password for your Google account abirehsanevan@gmail.com was changed. If you didn&#39;t change it, you should recover your account. You can also"
"Sat, 01 Nov 2025 18:16:49 GMT",Google <no-reply@accounts.google.com>,Security alert,"A new sign-in on Windows abirehsanevan@gmail.com We noticed a new sign-in to your Google Account on a Windows device. If this was you, you don&#39;t need to do anything. If not, we&#39;ll help you"
"Sat, 01 Nov 2025 18:16:49 GMT",Google <no-reply@accounts.google.com>,Your Google Account was recovered successfully,"Account recovered successfully abirehsanevan@gmail.com Welcome back to your account If you suspect you were locked out of your account because of changes made by someone else, you should review &amp;"
"Fri, 31 Oct 2025 21:32:00 +0000",Spline Tutorials <hello@mail.spline.design>,ğŸ”¥ New Tutorial! AI Image Generation in Hana!,AI Image Generation in Hana! Hey there ğŸ‘‹ğŸ¼ Our latest tutorial deep dives into our most powerful new feature: AI Image Generation right inside Hana&#39;s 2D editor! This tool brings an AI-powered
"Wed, 29 Oct 2025 23:06:54 +0000",Coursera <Coursera@m.learn.coursera.org>,New! Google People Management Essentials,Learn the management skills Google teaches their own aspiring managers today Í â€Œ ï»¿ Í â€Œ ï»¿ Í â€Œ ï»¿ Í â€Œ ï»¿ Í â€Œ ï»¿ Í â€Œ ï»¿ Í â€Œ ï»¿ Í â€Œ ï»¿ Í â€Œ ï»¿ Í â€Œ ï»¿ Í â€Œ ï»¿ Í â€Œ ï»¿ Í â€Œ ï»¿ Í â€Œ ï»¿ Í â€Œ ï»¿ Í â€Œ ï»¿ Í â€Œ ï»¿ Í â€Œ ï»¿ Í â€Œ ï»¿ Í â€Œ ï»¿ Í â€Œ
"Wed, 29 Oct 2025 01:10:16 +0000",Spline <hello@mail.spline.design>,ğŸƒ Spline Halloween Design Challenge!,"Spline Logo ğŸƒ Halloween Design Challenge! It&#39;s time to get spooky! Bring your creepiest, coolest ideas to life in Spline&#39;s Halloween Design Challenge using our new timeline animation. âœ¨ How to"
"Thu, 23 Oct 2025 16:58:46 +0000",Coursera <Coursera@m.learn.coursera.org>,"ğŸ¤– Top AI courses for data pros â€” Google, IBM & more",Get expert-led AI training designed for data professionals. Í â€Œ ï»¿ Í â€Œ ï»¿ Í â€Œ ï»¿ Í â€Œ ï»¿ Í â€Œ ï»¿ Í â€Œ ï»¿ Í â€Œ ï»¿ Í â€Œ ï»¿ Í â€Œ ï»¿ Í â€Œ ï»¿ Í â€Œ ï»¿ Í â€Œ ï»¿ Í â€Œ ï»¿ Í â€Œ ï»¿ Í â€Œ ï»¿ Í â€Œ ï»¿ Í â€Œ ï»¿ Í â€Œ ï»¿ Í â€Œ ï»¿ Í â€Œ ï»¿ Í â€Œ ï»¿ Í â€Œ ï»¿ Í â€Œ ï»¿ Í â€Œ
"Wed, 22 Oct 2025 21:32:06 +0000",Spline Team <hello@mail.spline.design>,ğŸ”¥ How Oscilar brands their AI risk platform with Spline,"Spline Logo See how Oscilar uses Spline to turn complex AI decisioning concepts into stunning, interactive 3D visuals tha make their technology clear, modern and enterprise-ready. Don&#39;t miss our"
"Wed, 22 Oct 2025 09:09:48 +0600",Buet Premium Subscription <buetpremiumsubscription@gmail.com>,BPS Previous FB Page Disabled,"We are sorry to inform that an envious group reported our facebook page continuously &amp; as a result, our previous fb page &quot;Buet Premium Subscription&quot; got disabled &amp; we lost all our"
"Sat, 18 Oct 2025 19:58:06 +0000",Spline Tutorials <hello@mail.spline.design>,ğŸ”¥ New Tutorial! Learn how to animate with Timelines in Spline,"Learn about Timeline Animations Hey there ğŸ‘‹ğŸ¼ Our latest tutorial takes you step-by-step through one of our most powerful features: Timeline Animations. Create stunning, smooth, and complex animations"
"Thu, 16 Oct 2025 15:19:40 +0000",Coursera <Coursera@m.learn.coursera.org>,Learn to turn complex data into action with Google,"Build practical, job-ready skills and advance in your career today Í â€Œ ï»¿ Í â€Œ ï»¿ Í â€Œ ï»¿ Í â€Œ ï»¿ Í â€Œ ï»¿ Í â€Œ ï»¿ Í â€Œ ï»¿ Í â€Œ ï»¿ Í â€Œ ï»¿ Í â€Œ ï»¿ Í â€Œ ï»¿ Í â€Œ ï»¿ Í â€Œ ï»¿ Í â€Œ ï»¿ Í â€Œ ï»¿ Í â€Œ ï»¿ Í â€Œ ï»¿ Í â€Œ ï»¿ Í â€Œ ï»¿ Í â€Œ ï»¿ Í â€Œ ï»¿ Í â€Œ ï»¿ Í"
"Tue, 14 Oct 2025 00:42:24 +0000",ORCID - Do not reply <DoNotReply@verify.orcid.org>,[ORCID] Verify your email address,"Your ORCID iD: 0009-0001-3870-6610 Your ORCID record is https://orcid.org/0009-0001-3870-6610 Hi Abir Ehsan EVan, You need to verify your email address. How do I verify my email address? Simply click"
"Thu, 09 Oct 2025 15:19:08 +0000",Coursera <Coursera@m.learn.coursera.org>,ğŸ’ª Unleash your SQL superpowers with Microsoft,"Use GenAI to design, query, optimize, and secure SQL Server environments Í â€Œ ï»¿ Í â€Œ ï»¿ Í â€Œ ï»¿ Í â€Œ ï»¿ Í â€Œ ï»¿ Í â€Œ ï»¿ Í â€Œ ï»¿ Í â€Œ ï»¿ Í â€Œ ï»¿ Í â€Œ ï»¿ Í â€Œ ï»¿ Í â€Œ ï»¿ Í â€Œ ï»¿ Í â€Œ ï»¿ Í â€Œ ï»¿ Í â€Œ ï»¿ Í â€Œ ï»¿ Í â€Œ ï»¿ Í â€Œ ï»¿ Í â€Œ ï»¿ Í â€Œ ï»¿ Í"
"Sat, 4 Oct 2025 18:24:59 +0000",Spline Team <hello@mail.spline.design>,ğŸ”¥ New AI features in Hana! Unlock your creativity ,"ğŸƒğŸ¼â€â™‚ï¸ğŸ’¨ Create faster with AI in Hana! Hana now comes with AI-powered tools to help you generate, remix, and refine visuals instantly. Instead of starting from scratch, you can use prompts or existing"
"Fri, 03 Oct 2025 02:04:53 +0000",Coursera <Coursera@m.learn.coursera.org>,Your future in AI engineering starts here,"Build apps faster, automate workflows, and gain skills shaping the future of development. Í â€Œ ï»¿ Í â€Œ ï»¿ Í â€Œ ï»¿ Í â€Œ ï»¿ Í â€Œ ï»¿ Í â€Œ ï»¿ Í â€Œ ï»¿ Í â€Œ ï»¿ Í â€Œ ï»¿ Í â€Œ ï»¿ Í â€Œ ï»¿ Í â€Œ ï»¿ Í â€Œ ï»¿ Í â€Œ ï»¿ Í â€Œ ï»¿ Í â€Œ ï»¿ Í â€Œ ï»¿ Í â€Œ ï»¿ Í â€Œ"
"Thu, 02 Oct 2025 13:05:44 +0000 (UTC)",Spotify <no-reply@hello.spotify.com>,Last stepâ€”confirm your email,"â™« Spotify Nearly there Thanks for signing up to Spotify. Confirm your email now to activate your account, and you&#39;ll be all set. Confirm email Confirm your account If you&#39;re having trouble"
"Wed, 01 Oct 2025 16:08:56 +0000","""Abir Ehsan Evan (via Google Drive)"" <drive-shares-dm-noreply@google.com>","Share request for ""CV""","Share a folder? Abir Ehsan Evan (abir.ehsan11@gmail.com) is requesting access to the following folder: CV Manage sharing Google LLC, 1600 Amphitheatre Parkway, Mountain View, CA 94043, USA You have"
"Wed, 01 Oct 2025 16:08:28 +0000","""Abir Ehsan Evan (via Google Drive)"" <drive-shares-dm-noreply@google.com>","Share request for ""SOP""","Share a folder? Abir Ehsan Evan (abir.ehsan11@gmail.com) is requesting access to the following folder: SOP Manage sharing Google LLC, 1600 Amphitheatre Parkway, Mountain View, CA 94043, USA You have"
"Wed, 01 Oct 2025 16:07:59 +0000","""Nuzhat Jahan (via Google Drive)"" <drive-shares-dm-noreply@google.com>","Share request for ""SOP""","Share a folder? Nuzhat Jahan (nuzhatjahan1450@gmail.com) is requesting access to the following folder: SOP Manage sharing Google LLC, 1600 Amphitheatre Parkway, Mountain View, CA 94043, USA You have"
"Sat, 27 Sep 2025 16:14:55 +0000",Coursera <Coursera@m.learn.coursera.org>,Earn a Google professional certificate in Data Analytics ğŸ“Š,"Learn in-demand skills, and get AI training from Google experts Í â€Œ ï»¿ Í â€Œ ï»¿ Í â€Œ ï»¿ Í â€Œ ï»¿ Í â€Œ ï»¿ Í â€Œ ï»¿ Í â€Œ ï»¿ Í â€Œ ï»¿ Í â€Œ ï»¿ Í â€Œ ï»¿ Í â€Œ ï»¿ Í â€Œ ï»¿ Í â€Œ ï»¿ Í â€Œ ï»¿ Í â€Œ ï»¿ Í â€Œ ï»¿ Í â€Œ ï»¿ Í â€Œ ï»¿ Í â€Œ ï»¿ Í â€Œ ï»¿ Í â€Œ ï»¿ Í â€Œ ï»¿ Í â€Œ ï»¿"
"Fri, 26 Sep 2025 18:40:16 +0000",Spline Tutorials <hello@mail.spline.design>,ğŸ†• Tutorial: Vector Masking in Hana!,"ğŸ†• Tutorial: Vector Masking in Hana! Hey there ğŸ‘‹ğŸ¼ Our latest tutorial takes you step-by-step through one of Hana&#39;s most powerful features: Vector Masks. Create stunning, visual effects with ease in"
"Thu, 25 Sep 2025 19:08:18 +0000",Spline Team <hello@mail.spline.design>,ğŸ†• Updates to Spline Code API! Swap geometries with code,ğŸ”ƒ Swap geometries dynamically with code We&#39;ve updated Spline Code API to dynamically load and update 3D objects in your React projects. This powerful tool provides the flexibility you need for
"Tue, 23 Sep 2025 23:11:31 +0000",Spline Team <hello@mail.spline.design>,"ğŸ”¥ Animate in 3D with Timelines, Keyframes & Curves","ğŸ”¥ Animate in 3D with Timelines Bring your 3D projects to life using Timelines in Spline. Add and adjust keyframes, fine-tune motion with curves, and control speed and flow for smooth, professional"
"Tue, 23 Sep 2025 00:25:35 +0000",ORCID - Do not reply <DoNotReply@verify.orcid.org>,[ORCID] Verify your email address,"Your ORCID iD: 0009-0001-3870-6610 Your ORCID record is https://orcid.org/0009-0001-3870-6610 Hi Abir Ehsan EVan, You need to verify your email address. How do I verify my email address? Simply click"
"Sun, 21 Sep 2025 16:28:46 +0000",Coursera <Coursera@m.learn.coursera.org>,â³ 24 hours left: Save 30% on Coursera Plus today,Save big and transform your career with Coursera Plus Í â€Œ ï»¿ Í â€Œ ï»¿ Í â€Œ ï»¿ Í â€Œ ï»¿ Í â€Œ ï»¿ Í â€Œ ï»¿ Í â€Œ ï»¿ Í â€Œ ï»¿ Í â€Œ ï»¿ Í â€Œ ï»¿ Í â€Œ ï»¿ Í â€Œ ï»¿ Í â€Œ ï»¿ Í â€Œ ï»¿ Í â€Œ ï»¿ Í â€Œ ï»¿ Í â€Œ ï»¿ Í â€Œ ï»¿ Í â€Œ ï»¿ Í â€Œ ï»¿ Í â€Œ ï»¿ Í â€Œ ï»¿ Í â€Œ ï»¿ Í â€Œ ï»¿ Í â€Œ
"Fri, 19 Sep 2025 22:49:03 +0000",Spline Team <hello@mail.spline.design>,â±ï¸ Introducing Timelines: A new way to animate in Spline!,"ğŸ”¥ Timelines, a new way to animate in 3D Animate with ease using Timelines in Spline. Add and edit keyframes for your animations and use curves to fine-tune the speed and flow of movement for a truly"
"Thu, 18 Sep 2025 15:14:25 +0000",Coursera <Coursera@m.learn.coursera.org>,30% off ends soon: Find your new career path,From exploring to achieving: See how learners reached their goals. Í â€Œ ï»¿ Í â€Œ ï»¿ Í â€Œ ï»¿ Í â€Œ ï»¿ Í â€Œ ï»¿ Í â€Œ ï»¿ Í â€Œ ï»¿ Í â€Œ ï»¿ Í â€Œ ï»¿ Í â€Œ ï»¿ Í â€Œ ï»¿ Í â€Œ ï»¿ Í â€Œ ï»¿ Í â€Œ ï»¿ Í â€Œ ï»¿ Í â€Œ ï»¿ Í â€Œ ï»¿ Í â€Œ ï»¿ Í â€Œ ï»¿ Í â€Œ ï»¿ Í â€Œ ï»¿ Í â€Œ ï»¿ Í
"Thu, 18 Sep 2025 00:15:36 +0000",ORCID - Do not reply <DoNotReply@verify.orcid.org>,[ORCID] Verify your email address,"Your ORCID iD: 0009-0001-3870-6610 Your ORCID record is https://orcid.org/0009-0001-3870-6610 Hi Abir Ehsan EVan, You need to verify your email address. How do I verify my email address? Simply click"
"Wed, 17 Sep 2025 05:10:03 +0000",Google Forms <forms-receipts-noreply@google.com>,Buet Premium Subscription,Thanks for filling out Buet Premium Subscription Here&#39;s what was received. Buet Premium Subscription Please inbox us after the payment is done. Facebook: https://www.facebook.com/profile.php?id=
"Tue, 16 Sep 2025 04:34:15 +0000",ORCID - Do not reply <DoNotReply@verify.orcid.org>,[ORCID] Verify your email address,"Your ORCID iD: 0009-0001-3870-6610 Your ORCID record is https://orcid.org/0009-0001-3870-6610 Hi Abir Ehsan EVan, You need to verify your email address. How do I verify my email address? Simply click"
"Thu, 11 Sep 2025 20:03:28 +0000",Spline Team <hello@mail.spline.design>,ğŸ”¥ Latest Spline Updates,"ğŸ†• Vector Masks in Hana! Create visually stunning and fun designs with Vector Masking. Use custom vector shapes to reveal or hide layers with with ease. Animate masks, group them, and craft smooth,"
"Thu, 11 Sep 2025 15:13:52 +0000",Coursera <Coursera@m.learn.coursera.org>,ğŸ’° Save 30% and get unlimited access to Meta courses,Learn in-demand skills from Meta experts and earn certificates recognized by employers Í â€Œ ï»¿ Í â€Œ ï»¿ Í â€Œ ï»¿ Í â€Œ ï»¿ Í â€Œ ï»¿ Í â€Œ ï»¿ Í â€Œ ï»¿ Í â€Œ ï»¿ Í â€Œ ï»¿ Í â€Œ ï»¿ Í â€Œ ï»¿ Í â€Œ ï»¿ Í â€Œ ï»¿ Í â€Œ ï»¿ Í â€Œ ï»¿ Í â€Œ ï»¿ Í â€Œ ï»¿ Í â€Œ ï»¿ Í â€Œ ï»¿
"Thu, 04 Sep 2025 15:12:23 +0000",Coursera <Coursera@m.learn.coursera.org>,ğŸ”¥ Save 30% on 2025â€™s top courses!,Limited time offer â€“ join 175+ million learners and access top-rated courses! Í â€Œ ï»¿ Í â€Œ ï»¿ Í â€Œ ï»¿ Í â€Œ ï»¿ Í â€Œ ï»¿ Í â€Œ ï»¿ Í â€Œ ï»¿ Í â€Œ ï»¿ Í â€Œ ï»¿ Í â€Œ ï»¿ Í â€Œ ï»¿ Í â€Œ ï»¿ Í â€Œ ï»¿ Í â€Œ ï»¿ Í â€Œ ï»¿ Í â€Œ ï»¿ Í â€Œ ï»¿ Í â€Œ ï»¿ Í â€Œ ï»¿ Í â€Œ ï»¿ Í â€Œ
"Thu, 28 Aug 2025 15:19:04 +0000",Coursera <Coursera@m.learn.coursera.org>,ğŸŒŸ30% off: Short courses for the weekend,Explore new skills this weekend with 30% off Coursera Plus. Í â€Œ ï»¿ Í â€Œ ï»¿ Í â€Œ ï»¿ Í â€Œ ï»¿ Í â€Œ ï»¿ Í â€Œ ï»¿ Í â€Œ ï»¿ Í â€Œ ï»¿ Í â€Œ ï»¿ Í â€Œ ï»¿ Í â€Œ ï»¿ Í â€Œ ï»¿ Í â€Œ ï»¿ Í â€Œ ï»¿ Í â€Œ ï»¿ Í â€Œ ï»¿ Í â€Œ ï»¿ Í â€Œ ï»¿ Í â€Œ ï»¿ Í â€Œ ï»¿ Í â€Œ ï»¿ Í â€Œ ï»¿ Í â€Œ ï»¿ Í â€Œ
"Mon, 25 Aug 2025 18:51:33 +0800 (CST)",DeepSeek <support@sc.mail.deepseek.com>,"[Important Correction] Regarding to ""DeepSeek API Upgraded to DeepSeek-V3.1 & Pricing Adjustment""","[Important Correction] Regarding to &quot;DeepSeek API Upgraded to DeepSeek-V3.1 &amp; Pricing Adjustment&quot; Dear Developers, First, we sincerely apologize for the inaccuracies in our previous email"
"Thu, 21 Aug 2025 15:47:53 +0800 (CST)",DeepSeek <support@sc.mail.deepseek.com>,Important Update: DeepSeek API Upgraded to DeepSeek-V3.1 & Pricing Adjustment,"Dear Developers, We are pleased to announce that DeepSeek API has been fully upgraded to our new premier model: DeepSeek-V3.1 . Key enhancements include: Unified Dual-Mode Support DeepSeek-V3.1"
"Thu, 21 Aug 2025 15:25:28 +0000",Coursera <Coursera@m.learn.coursera.org>,"Unlimited skills, 30% off for a limited time! ğŸ‰",Save 30% and explore endless learning opportunities with Coursera Plus Í â€Œ ï»¿ Í â€Œ ï»¿ Í â€Œ ï»¿ Í â€Œ ï»¿ Í â€Œ ï»¿ Í â€Œ ï»¿ Í â€Œ ï»¿ Í â€Œ ï»¿ Í â€Œ ï»¿ Í â€Œ ï»¿ Í â€Œ ï»¿ Í â€Œ ï»¿ Í â€Œ ï»¿ Í â€Œ ï»¿ Í â€Œ ï»¿ Í â€Œ ï»¿ Í â€Œ ï»¿ Í â€Œ ï»¿ Í â€Œ ï»¿ Í â€Œ ï»¿ Í â€Œ ï»¿ Í â€Œ
"Sun, 17 Aug 2025 21:27:56 GMT",Google <no-reply@accounts.google.com>,Help strengthen the security of your Google Account,Add ways for us to make sure it&#39;s you abirehsanevan@gmail.com Users with extra ways to verify their identity are far less likely to be hacked or locked out. Add additional ways to prove it&#39;s
"Thu, 14 Aug 2025 22:42:26 +0000",Spline Team <hello@mail.spline.design>,ğŸ†• Introducing 3D Projections & Noise Effects!,Introducing 3D Projections &amp; Noise Effects! Bring more texture &amp; dynamic movement to your designs with 3D Projections and Noise Effects in Hana. Continue reading to learn more details about 3D
"Thu, 14 Aug 2025 15:35:22 +0000",Coursera <Coursera@m.learn.coursera.org>,Take your Python data skills to the next level,"Master text mining, network analysis, and applied machine learning with Python Í â€Œ ï»¿ Í â€Œ ï»¿ Í â€Œ ï»¿ Í â€Œ ï»¿ Í â€Œ ï»¿ Í â€Œ ï»¿ Í â€Œ ï»¿ Í â€Œ ï»¿ Í â€Œ ï»¿ Í â€Œ ï»¿ Í â€Œ ï»¿ Í â€Œ ï»¿ Í â€Œ ï»¿ Í â€Œ ï»¿ Í â€Œ ï»¿ Í â€Œ ï»¿ Í â€Œ ï»¿ Í â€Œ ï»¿ Í â€Œ ï»¿ Í â€Œ ï»¿ Í"
"Sun, 10 Aug 2025 17:38:03 +0000",Coursera <Coursera@m.learn.coursera.org>,Ends tomorrow! 3 months of Google AI Pro is still here.,"Enroll in a Google Certificate and get access to new features in Gemini, Veo 3 Fast, and more. Í â€Œ ï»¿ Í â€Œ ï»¿ Í â€Œ ï»¿ Í â€Œ ï»¿ Í â€Œ ï»¿ Í â€Œ ï»¿ Í â€Œ ï»¿ Í â€Œ ï»¿ Í â€Œ ï»¿ Í â€Œ ï»¿ Í â€Œ ï»¿ Í â€Œ ï»¿ Í â€Œ ï»¿ Í â€Œ ï»¿ Í â€Œ ï»¿ Í â€Œ ï»¿ Í â€Œ ï»¿ Í â€Œ"
"Fri, 8 Aug 2025 19:57:15 +0000",Spline Team <hello@mail.spline.design>,ğŸ’ Spline latest updates from August ,Hey there ğŸ‘‹ğŸ¼ August is packed with fresh updates to help you design interactive experiences in both 3D and 2D with Spline! Check out what&#39;s new and don&#39;t forget to share your creations and tag
"Fri, 8 Aug 2025 18:47:00 +0000","""Your Teacher (via Canva)"" <no-reply@canva.com>",Your Teacher has invited you to join their class on Canva,You&#39;re invited to a class Í Í Í Í Í Í Í Í Í Í Í Í Í Í Í Í Í Í Í Í Í Í Í Í Í Í Í Í Í Í Í Í Í Í Í Í Í Í Í Í Í Í Í Í Í Í Í Í Í Í Í Í Í Í Í Í Í Í Í Í Í Í Í Í Í Í Í Í Í Í Í Í Í Í Í Í Í Í Í Í Í Í Í Í Í Í
"Fri, 08 Aug 2025 18:29:32 +0000 (UTC)",Canva <welcome@engage.canva.com>,New to Canva? Start here ğŸ‘‰,Resources to hone your design skills Í â€Œ ï»¿ Í â€Œ ï»¿ Í â€Œ ï»¿ Í â€Œ ï»¿ Í â€Œ ï»¿ Í â€Œ ï»¿ Í â€Œ ï»¿ Í â€Œ ï»¿ Í â€Œ ï»¿ Í â€Œ ï»¿ Í â€Œ ï»¿ Í â€Œ ï»¿ Í â€Œ ï»¿ Í â€Œ ï»¿ Í â€Œ ï»¿ Í â€Œ ï»¿ Í â€Œ ï»¿ Í â€Œ ï»¿ Í â€Œ ï»¿ Í â€Œ ï»¿ Í â€Œ ï»¿ Í â€Œ ï»¿ Í â€Œ ï»¿ Í â€Œ ï»¿ Í â€Œ ï»¿ Í â€Œ ï»¿ Í â€Œ ï»¿ Í
"Thu, 07 Aug 2025 15:35:32 +0000",Coursera <Coursera@m.learn.coursera.org>,Data science skills that get you hired,"Learn to analyze data, build dashboards, and more in our new data science program Í â€Œ ï»¿ Í â€Œ ï»¿ Í â€Œ ï»¿ Í â€Œ ï»¿ Í â€Œ ï»¿ Í â€Œ ï»¿ Í â€Œ ï»¿ Í â€Œ ï»¿ Í â€Œ ï»¿ Í â€Œ ï»¿ Í â€Œ ï»¿ Í â€Œ ï»¿ Í â€Œ ï»¿ Í â€Œ ï»¿ Í â€Œ ï»¿ Í â€Œ ï»¿ Í â€Œ ï»¿ Í â€Œ ï»¿ Í â€Œ ï»¿ Í â€Œ ï»¿"
"Thu, 7 Aug 2025 06:19:39 +0000",Spline Tutorials <hello@mail.spline.design>,ğŸ†• New Tutorial: Bring your data to life with 3D in Spline,"ğŸ“Š Bring your data to life with Spline Hey there ğŸ‘‹ğŸ¼ Our latest tutorial is live! This time, we&#39;re showing you how to connect real data to your 3D scenes in Spline. In this step-by-step walkthrough,"
"Sat, 2 Aug 2025 02:58:55 +0000",Spline Team <hello@mail.spline.design>,ğŸ“±Introducing the Spline Code API for SwiftUI,"ğŸ“± Spline Code API for SwiftUI! Unlock a powerful new way to embed and control your 3D scenes in your SwiftUI projects. Create custom 3D interactions, trigger animations, change object properties, and"
"Thu, 31 Jul 2025 16:23:35 +0000",Coursera <Coursera@m.learn.coursera.org>,Get access to Google AI Pro for 3 months,Limited time! Get expanded features in Gemini when you enroll in a Google Certificate. Í â€Œ ï»¿ Í â€Œ ï»¿ Í â€Œ ï»¿ Í â€Œ ï»¿ Í â€Œ ï»¿ Í â€Œ ï»¿ Í â€Œ ï»¿ Í â€Œ ï»¿ Í â€Œ ï»¿ Í â€Œ ï»¿ Í â€Œ ï»¿ Í â€Œ ï»¿ Í â€Œ ï»¿ Í â€Œ ï»¿ Í â€Œ ï»¿ Í â€Œ ï»¿ Í â€Œ ï»¿ Í â€Œ ï»¿ Í â€Œ ï»¿
"Thu, 24 Jul 2025 15:38:02 +0000",Coursera <Coursera@m.learn.coursera.org>,New to SQL? Start here with Microsoft â¡ï¸,"Design, query, and secure databases. No experience needed to start learning. Í â€Œ ï»¿ Í â€Œ ï»¿ Í â€Œ ï»¿ Í â€Œ ï»¿ Í â€Œ ï»¿ Í â€Œ ï»¿ Í â€Œ ï»¿ Í â€Œ ï»¿ Í â€Œ ï»¿ Í â€Œ ï»¿ Í â€Œ ï»¿ Í â€Œ ï»¿ Í â€Œ ï»¿ Í â€Œ ï»¿ Í â€Œ ï»¿ Í â€Œ ï»¿ Í â€Œ ï»¿ Í â€Œ ï»¿ Í â€Œ ï»¿ Í â€Œ ï»¿ Í â€Œ"
"Wed, 23 Jul 2025 20:15:16 +0000",Spline Tutorials <hello@mail.spline.design>,"ğŸ†• Tutorial: Design UI interfaces with Liquid Glass, Portals & more!","ğŸ«§ UI with Liquid Glass, Portals &amp; more! Hey there ğŸ‘‹ğŸ¼ Curious about what&#39;s possible with Hana? Our latest tutorial takes you step-by-step through building stunning, responsive UI with some of"
"Thu, 17 Jul 2025 12:39:42 +0000",Coursera <Coursera@m.learn.coursera.org>,ğŸ”” Ends soon! Unlock new courses at 65% off,Don&#39;t let these summer savings pass you by! Unlock 10000+ new courses today. Í â€Œ ï»¿ Í â€Œ ï»¿ Í â€Œ ï»¿ Í â€Œ ï»¿ Í â€Œ ï»¿ Í â€Œ ï»¿ Í â€Œ ï»¿ Í â€Œ ï»¿ Í â€Œ ï»¿ Í â€Œ ï»¿ Í â€Œ ï»¿ Í â€Œ ï»¿ Í â€Œ ï»¿ Í â€Œ ï»¿ Í â€Œ ï»¿ Í â€Œ ï»¿ Í â€Œ ï»¿ Í â€Œ ï»¿ Í â€Œ ï»¿ Í â€Œ ï»¿
"Thu, 17 Jul 2025 01:12:30 +0000",Spline Team <hello@mail.spline.design>,ğŸ†• Major updates for Spline 3D & Hana. Read more!,ğŸ”¥ Major updates in Spline! July has been a busy month with exciting new features to help you create interactive designs for both 3D and 2D in Spline! Check out what&#39;s new and don&#39;t forget to
"Fri, 11 Jul 2025 22:00:58 +0000",Spline Team <hello@mail.spline.design>,"ğŸ”¥ Updates to Hana! 3D Projection, Liquid Glass, Video Layers & Auto Layout","Introducing 3D Projections in Hana Bring your scenes to life with 3D Projections. Easily map content in real 3D space â€” with depth, perspective, and axis control built right in. Remix 3D Scene ğŸ’§ Liquid"
"Thu, 10 Jul 2025 22:51:12 +0000",Spline Tutorials <hello@mail.spline.design>,ğŸ“‚ How-to tutorial: Interactive Keyboard in Hana,"âŒ¨ï¸ Interactive Keyboard in Hana Hey there ğŸ‘‹ğŸ¼ Our newest tutorial is live â€” and it&#39;s a good one. You&#39;ll learn how to create a beautiful, interactive keyboard scene using Hana, complete with"
"Thu, 10 Jul 2025 13:33:53 +0000",Coursera <Coursera@m.learn.coursera.org>,High-income skills of 2025 â€” now 40% off,"Unlock unlimited access to 10000+ courses from Google, IBM, and more Í â€Œ ï»¿ Í â€Œ ï»¿ Í â€Œ ï»¿ Í â€Œ ï»¿ Í â€Œ ï»¿ Í â€Œ ï»¿ Í â€Œ ï»¿ Í â€Œ ï»¿ Í â€Œ ï»¿ Í â€Œ ï»¿ Í â€Œ ï»¿ Í â€Œ ï»¿ Í â€Œ ï»¿ Í â€Œ ï»¿ Í â€Œ ï»¿ Í â€Œ ï»¿ Í â€Œ ï»¿ Í â€Œ ï»¿ Í â€Œ ï»¿ Í â€Œ ï»¿ Í â€Œ ï»¿ Í â€Œ ï»¿"
"Thu, 03 Jul 2025 12:30:48 +0000",Coursera <Coursera@m.learn.coursera.org>,âœ¨65% off unlimited access to IBM certificates,"Prepare for a career in data analysis, GenAI, and more with IBM training Í â€Œ ï»¿ Í â€Œ ï»¿ Í â€Œ ï»¿ Í â€Œ ï»¿ Í â€Œ ï»¿ Í â€Œ ï»¿ Í â€Œ ï»¿ Í â€Œ ï»¿ Í â€Œ ï»¿ Í â€Œ ï»¿ Í â€Œ ï»¿ Í â€Œ ï»¿ Í â€Œ ï»¿ Í â€Œ ï»¿ Í â€Œ ï»¿ Í â€Œ ï»¿ Í â€Œ ï»¿ Í â€Œ ï»¿ Í â€Œ ï»¿ Í â€Œ ï»¿ Í â€Œ ï»¿ Í"
"Wed, 2 Jul 2025 00:49:49 +0000",Spline Team <hello@mail.spline.design>,ğŸ†• Updates to Spline Code API,"New updates to Spline Code API We&#39;re improving Spline&#39;s Code API! Now it&#39;s easier to programmatically trigger transitions between an object&#39;s states, toggling visibility, and creating"
"Mon, 30 Jun 2025 07:12:30 +0000",Spline Tutorials <hello@mail.spline.design>,ğŸ“‚ New Tutorial: Liquid Glass in Spline 3D,"ğŸ” Creating Liquid Glass with Spline Hey there ğŸ‘‹ğŸ¼ Our latest tutorial shows you how to create a stunning interactive liquid glass scene, complete with mesmerizing hover effects and smooth animations. In"
"Thu, 26 Jun 2025 12:34:53 +0000",Coursera <Coursera@m.learn.coursera.org>,ğŸŒ Summer flash sale: 65% off Coursera Plus!,From odd jobs to dream career. Discover how Coursera changed Andre&#39;s life. Í â€Œ ï»¿ Í â€Œ ï»¿ Í â€Œ ï»¿ Í â€Œ ï»¿ Í â€Œ ï»¿ Í â€Œ ï»¿ Í â€Œ ï»¿ Í â€Œ ï»¿ Í â€Œ ï»¿ Í â€Œ ï»¿ Í â€Œ ï»¿ Í â€Œ ï»¿ Í â€Œ ï»¿ Í â€Œ ï»¿ Í â€Œ ï»¿ Í â€Œ ï»¿ Í â€Œ ï»¿ Í â€Œ ï»¿ Í â€Œ ï»¿ Í â€Œ ï»¿ Í
"Mon, 23 Jun 2025 10:00:13 +0000",Coursera <Coursera@m.learn.coursera.org>,Recommended: Google Data Analytics,â˜€ï¸ Celebrate summer with 50% off Coursera Plus Í â€Œ ï»¿ Í â€Œ ï»¿ Í â€Œ ï»¿ Í â€Œ ï»¿ Í â€Œ ï»¿ Í â€Œ ï»¿ Í â€Œ ï»¿ Í â€Œ ï»¿ Í â€Œ ï»¿ Í â€Œ ï»¿ Í â€Œ ï»¿ Í â€Œ ï»¿ Í â€Œ ï»¿ Í â€Œ ï»¿ Í â€Œ ï»¿ Í â€Œ ï»¿ Í â€Œ ï»¿ Í â€Œ ï»¿ Í â€Œ ï»¿ Í â€Œ ï»¿ Í â€Œ ï»¿ Í â€Œ ï»¿ Í â€Œ ï»¿ Í â€Œ ï»¿ Í â€Œ ï»¿ Í â€Œ
"Sun, 22 Jun 2025 00:04:25 +0000",Spline <hello@mail.spline.design>,ğŸ† Spline x Contra Hackathon Winners,"Spline x Contra Hackathon Winners We&#39;re thrilled to announce the winners of the Spline x Contra Hackathon! You blew us away with your creativity, technical skill, and imagination. After much"
"Thu, 19 Jun 2025 12:40:22 +0000",Spline Hackathon <hello@mail.spline.design>,ğŸ† Hackathon Winners Announcement,"Spline Logo Hackathon Winners Announcement JUNE 18, 11am EST Join us live as we announce the winners of the Spline x Contra Hackathon! $5K in prizes will be announced! Celebrate the creativity,"
"Wed, 18 Jun 2025 12:37:55 +0000",Coursera <Coursera@m.learn.coursera.org>,â³ Get Coursera Plus for 65% off! Limited time only!,"Change your career with courses from Google, IBM, and more Í â€Œ ï»¿ Í â€Œ ï»¿ Í â€Œ ï»¿ Í â€Œ ï»¿ Í â€Œ ï»¿ Í â€Œ ï»¿ Í â€Œ ï»¿ Í â€Œ ï»¿ Í â€Œ ï»¿ Í â€Œ ï»¿ Í â€Œ ï»¿ Í â€Œ ï»¿ Í â€Œ ï»¿ Í â€Œ ï»¿ Í â€Œ ï»¿ Í â€Œ ï»¿ Í â€Œ ï»¿ Í â€Œ ï»¿ Í â€Œ ï»¿ Í â€Œ ï»¿ Í â€Œ ï»¿ Í â€Œ ï»¿ Í â€Œ ï»¿ Í â€Œ"
"Mon, 16 Jun 2025 22:58:38 +0000",Coursera <Coursera@m.learn.coursera.org>,Recommended: Google Data Analytics,Coming soon! Big summer savings on your big career dreams Í â€Œ ï»¿ Í â€Œ ï»¿ Í â€Œ ï»¿ Í â€Œ ï»¿ Í â€Œ ï»¿ Í â€Œ ï»¿ Í â€Œ ï»¿ Í â€Œ ï»¿ Í â€Œ ï»¿ Í â€Œ ï»¿ Í â€Œ ï»¿ Í â€Œ ï»¿ Í â€Œ ï»¿ Í â€Œ ï»¿ Í â€Œ ï»¿ Í â€Œ ï»¿ Í â€Œ ï»¿ Í â€Œ ï»¿ Í â€Œ ï»¿ Í â€Œ ï»¿ Í â€Œ ï»¿ Í â€Œ ï»¿ Í â€Œ ï»¿ Í â€Œ ï»¿
"Sat, 14 Jun 2025 03:16:15 +0000",Spline Team <hello@mail.spline.design>,ğŸ†• Video Exports & Animated Stroke in Hana,"ğŸ¥ Video Exports with Hana Hana now supports video exports, making it easy to convert your interactive designs into polished, shareable video assets. Instantly export high-quality videos of your"
"Thu, 12 Jun 2025 13:17:35 +0000",Coursera <Coursera@m.learn.coursera.org>,Develop data analytics skills with DeepLearning.AI,Learn the in-demand essentials of data analytics Í â€Œ ï»¿ Í â€Œ ï»¿ Í â€Œ ï»¿ Í â€Œ ï»¿ Í â€Œ ï»¿ Í â€Œ ï»¿ Í â€Œ ï»¿ Í â€Œ ï»¿ Í â€Œ ï»¿ Í â€Œ ï»¿ Í â€Œ ï»¿ Í â€Œ ï»¿ Í â€Œ ï»¿ Í â€Œ ï»¿ Í â€Œ ï»¿ Í â€Œ ï»¿ Í â€Œ ï»¿ Í â€Œ ï»¿ Í â€Œ ï»¿ Í â€Œ ï»¿ Í â€Œ ï»¿ Í â€Œ ï»¿ Í â€Œ ï»¿ Í â€Œ ï»¿ Í â€Œ ï»¿ Í
"Thu, 12 Jun 2025 00:18:01 -0700",Google Cloud <CloudPlatform-noreply@google.com>,[Product Update] New security enhancement for your Google Cloud environment,"Re-authentication will be required for sensitive actions starting July 2025. MY CONSOLE Hello Abir Ehsan, We&#39;re reaching out with an important update regarding enhancing the security of sensitive"
"Mon, 09 Jun 2025 16:31:57 +0000",Coursera <Coursera@m.learn.coursera.org>,Recommended: Google Data Analytics,Ready to learn something new? Í â€Œ ï»¿ Í â€Œ ï»¿ Í â€Œ ï»¿ Í â€Œ ï»¿ Í â€Œ ï»¿ Í â€Œ ï»¿ Í â€Œ ï»¿ Í â€Œ ï»¿ Í â€Œ ï»¿ Í â€Œ ï»¿ Í â€Œ ï»¿ Í â€Œ ï»¿ Í â€Œ ï»¿ Í â€Œ ï»¿ Í â€Œ ï»¿ Í â€Œ ï»¿ Í â€Œ ï»¿ Í â€Œ ï»¿ Í â€Œ ï»¿ Í â€Œ ï»¿ Í â€Œ ï»¿ Í â€Œ ï»¿ Í â€Œ ï»¿ Í â€Œ ï»¿ Í â€Œ ï»¿ Í â€Œ ï»¿ Í â€Œ ï»¿ Í â€Œ ï»¿ Í â€Œ
"Fri, 6 Jun 2025 02:36:19 +0000",Spline Hackathon <hello@mail.spline.design>,ğŸ”§ Join the Spline x Contra hackathon,Spline Logo Spline x Contra hackathon Design interactive content that pushes the boundaries of web design. Build in 3D or 2D and compete for a cash prize. Join the Hackathon Hackathon Timeline Mark
"Thu, 05 Jun 2025 17:41:00 +0000",Coursera <Coursera@m.learn.coursera.org>,Go from AI exploration to AI expertise ğŸ’¡,Give yourself the ability to use AI in many different ways. Í â€Œ ï»¿ Í â€Œ ï»¿ Í â€Œ ï»¿ Í â€Œ ï»¿ Í â€Œ ï»¿ Í â€Œ ï»¿ Í â€Œ ï»¿ Í â€Œ ï»¿ Í â€Œ ï»¿ Í â€Œ ï»¿ Í â€Œ ï»¿ Í â€Œ ï»¿ Í â€Œ ï»¿ Í â€Œ ï»¿ Í â€Œ ï»¿ Í â€Œ ï»¿ Í â€Œ ï»¿ Í â€Œ ï»¿ Í â€Œ ï»¿ Í â€Œ ï»¿ Í â€Œ ï»¿ Í â€Œ ï»¿ Í â€Œ ï»¿ Í â€Œ
"Tue, 3 Jun 2025 21:22:06 +0000",Spline Tutorials <hello@mail.spline.design>,ğŸ“‚ New Tutorial: Gradients & Blur with Hana,Gradients &amp; Blur with Hana Hey there ğŸ‘‹ğŸ¼ Want to add extra polish and depth to your designs? Our newest Hana tutorial is live â€” and it&#39;s all about creating dreamy gradients and real-time
"Mon, 02 Jun 2025 18:48:26 +0000",Coursera <Coursera@m.learn.coursera.org>,Recommended: Google Data Analytics,Ready to learn something new? Í â€Œ ï»¿ Í â€Œ ï»¿ Í â€Œ ï»¿ Í â€Œ ï»¿ Í â€Œ ï»¿ Í â€Œ ï»¿ Í â€Œ ï»¿ Í â€Œ ï»¿ Í â€Œ ï»¿ Í â€Œ ï»¿ Í â€Œ ï»¿ Í â€Œ ï»¿ Í â€Œ ï»¿ Í â€Œ ï»¿ Í â€Œ ï»¿ Í â€Œ ï»¿ Í â€Œ ï»¿ Í â€Œ ï»¿ Í â€Œ ï»¿ Í â€Œ ï»¿ Í â€Œ ï»¿ Í â€Œ ï»¿ Í â€Œ ï»¿ Í â€Œ ï»¿ Í â€Œ ï»¿ Í â€Œ ï»¿ Í â€Œ ï»¿ Í â€Œ ï»¿ Í â€Œ
"Sat, 31 May 2025 17:57:01 +0000",Spline Team <hello@mail.spline.design>,ğŸ“± Bring Spline to your iOS app! ,Í â€Œ Í â€Œ Í â€Œ Í â€Œ Í â€Œ Í â€Œ Í â€Œ Í â€Œ Í â€Œ Í â€Œ Í â€Œ Í â€Œ Í â€Œ Í â€Œ Í â€Œ Í â€Œ Í â€Œ Í â€Œ Í â€Œ Í â€Œ Í â€Œ Í â€Œ Í â€Œ Í â€Œ Í â€Œ Í â€Œ Í â€Œ Í â€Œ Í â€Œ Í â€Œ Í â€Œ Í â€Œ Í â€Œ Í â€Œ Í â€Œ Í â€Œ Í â€Œ Í â€Œ Í â€Œ Í â€Œ Í â€Œ Í â€Œ Í â€Œ Í â€Œ Í â€Œ Í â€Œ Í â€Œ Í â€Œ Í â€Œ Í â€Œ Í
"Fri, 30 May 2025 20:24:59 +0000",Spline Tutorials <hello@mail.spline.design>,ğŸ“‚ New Tutorial: Mouse Interaction with Hana,"Mouse Interaction with Hana Hey there ğŸ‘‹ğŸ¼ Ever wished your designs could react to mouse click, hover, and more? Well, grab your mouse (or trackpad!), because our latest Hana tutorial is here to show you"
"Thu, 29 May 2025 19:25:33 +0000",Coursera <Coursera@m.learn.coursera.org>,Join one million Google Professional Certificate graduates,Get the skills you need for the job you want Í â€Œ ï»¿ Í â€Œ ï»¿ Í â€Œ ï»¿ Í â€Œ ï»¿ Í â€Œ ï»¿ Í â€Œ ï»¿ Í â€Œ ï»¿ Í â€Œ ï»¿ Í â€Œ ï»¿ Í â€Œ ï»¿ Í â€Œ ï»¿ Í â€Œ ï»¿ Í â€Œ ï»¿ Í â€Œ ï»¿ Í â€Œ ï»¿ Í â€Œ ï»¿ Í â€Œ ï»¿ Í â€Œ ï»¿ Í â€Œ ï»¿ Í â€Œ ï»¿ Í â€Œ ï»¿ Í â€Œ ï»¿ Í â€Œ ï»¿ Í â€Œ ï»¿ Í â€Œ ï»¿ Í â€Œ ï»¿
"Thu, 29 May 2025 03:42:25 +0000",Spline Team <hello@mail.spline.design>,ğŸ”¥ Progressive Blur in Hana by Spline,Gradients and Progressive Blur in Hana We&#39;ve just launched gradients and progressive blur â€” two powerful new features to elevate your designs using Hana. Create stunning visuals with ease. Give
"Wed, 28 May 2025 17:57:02 +0000",Spline Team <hello@mail.spline.design>,ğŸ–¥ï¸ Designing in Spline is only half the fun!,Designing with Spline is only half the fun. Let&#39;s get your design published for the world to see.Í â€Œ Í â€Œ Í â€Œ Í â€Œ Í â€Œ Í â€Œ Í â€Œ Í â€Œ Í â€Œ Í â€Œ Í â€Œ Í â€Œ Í â€Œ Í â€Œ Í â€Œ Í â€Œ Í â€Œ Í â€Œ Í â€Œ Í â€Œ Í â€Œ Í â€Œ Í â€Œ Í â€Œ Í â€Œ
"Mon, 26 May 2025 16:16:17 +0000",Coursera <Coursera@m.learn.coursera.org>,Recommended: Google Data Analytics,Ready to learn something new? Í â€Œ ï»¿ Í â€Œ ï»¿ Í â€Œ ï»¿ Í â€Œ ï»¿ Í â€Œ ï»¿ Í â€Œ ï»¿ Í â€Œ ï»¿ Í â€Œ ï»¿ Í â€Œ ï»¿ Í â€Œ ï»¿ Í â€Œ ï»¿ Í â€Œ ï»¿ Í â€Œ ï»¿ Í â€Œ ï»¿ Í â€Œ ï»¿ Í â€Œ ï»¿ Í â€Œ ï»¿ Í â€Œ ï»¿ Í â€Œ ï»¿ Í â€Œ ï»¿ Í â€Œ ï»¿ Í â€Œ ï»¿ Í â€Œ ï»¿ Í â€Œ ï»¿ Í â€Œ ï»¿ Í â€Œ ï»¿ Í â€Œ ï»¿ Í â€Œ ï»¿ Í â€Œ
"Sun, 25 May 2025 17:57:01 +0000",Spline Team <hello@mail.spline.design>,ğŸ‘€ Check out these tutorials in Spline,We hope you&#39;ve been enjoying Spline. Here are 3 resources for you.Í â€Œ Í â€Œ Í â€Œ Í â€Œ Í â€Œ Í â€Œ Í â€Œ Í â€Œ Í â€Œ Í â€Œ Í â€Œ Í â€Œ Í â€Œ Í â€Œ Í â€Œ Í â€Œ Í â€Œ Í â€Œ Í â€Œ Í â€Œ Í â€Œ Í â€Œ Í â€Œ Í â€Œ Í â€Œ Í â€Œ Í â€Œ Í â€Œ Í â€Œ Í â€Œ Í â€Œ Í â€Œ Í â€Œ
"Sat, 24 May 2025 17:48:32 +0000",Coursera <Coursera@m.learn.coursera.org>,Become a GenAI data analyst with DeepLearning.AIâ€™s industry experts,Data analytics is booming. Learn the essentials now. Í â€Œ ï»¿ Í â€Œ ï»¿ Í â€Œ ï»¿ Í â€Œ ï»¿ Í â€Œ ï»¿ Í â€Œ ï»¿ Í â€Œ ï»¿ Í â€Œ ï»¿ Í â€Œ ï»¿ Í â€Œ ï»¿ Í â€Œ ï»¿ Í â€Œ ï»¿ Í â€Œ ï»¿ Í â€Œ ï»¿ Í â€Œ ï»¿ Í â€Œ ï»¿ Í â€Œ ï»¿ Í â€Œ ï»¿ Í â€Œ ï»¿ Í â€Œ ï»¿ Í â€Œ ï»¿ Í â€Œ ï»¿ Í â€Œ ï»¿ Í â€Œ ï»¿ Í â€Œ
"Fri, 23 May 2025 18:02:02 +0000",Spline Team <hello@mail.spline.design>,ğŸŒˆ Welcome to Spline!,We&#39;re so glad you&#39;re here! We can&#39;t wait to see what you createÍ â€Œ Í â€Œ Í â€Œ Í â€Œ Í â€Œ Í â€Œ Í â€Œ Í â€Œ Í â€Œ Í â€Œ Í â€Œ Í â€Œ Í â€Œ Í â€Œ Í â€Œ Í â€Œ Í â€Œ Í â€Œ Í â€Œ Í â€Œ Í â€Œ Í â€Œ Í â€Œ Í â€Œ Í â€Œ Í â€Œ Í â€Œ Í â€Œ Í â€Œ Í â€Œ Í â€Œ Í
"Fri, 23 May 2025 17:55:56 GMT",Google <no-reply@accounts.google.com>,Your Google Account was recovered successfully,"Account recovered successfully abirehsanevan@gmail.com Welcome back to your account If you suspect you were locked out of your account because of changes made by someone else, you should review &amp;"
"Thu, 22 May 2025 19:35:01 +0000",Coursera <Coursera@m.learn.coursera.org>,Build the future with AI development essentials,Gain practical experience building GPT-powered agents for real-world applications Í â€Œ ï»¿ Í â€Œ ï»¿ Í â€Œ ï»¿ Í â€Œ ï»¿ Í â€Œ ï»¿ Í â€Œ ï»¿ Í â€Œ ï»¿ Í â€Œ ï»¿ Í â€Œ ï»¿ Í â€Œ ï»¿ Í â€Œ ï»¿ Í â€Œ ï»¿ Í â€Œ ï»¿ Í â€Œ ï»¿ Í â€Œ ï»¿ Í â€Œ ï»¿ Í â€Œ ï»¿ Í â€Œ ï»¿ Í â€Œ ï»¿ Í â€Œ ï»¿
"Thu, 22 May 2025 15:16:37 +0000",Anara <team@mail.anara.com>,Abir Ehsan Evan invited you to try Anara,Save $10 on signup â€Œâ€‹â€â€â€ï»¿ â€Œâ€‹â€â€â€ï»¿ â€Œâ€‹â€â€â€ï»¿ â€Œâ€‹â€â€â€ï»¿ â€Œâ€‹â€â€â€ï»¿ â€Œâ€‹â€â€â€ï»¿ â€Œâ€‹â€â€â€ï»¿ â€Œâ€‹â€â€â€ï»¿ â€Œâ€‹â€â€â€ï»¿ â€Œâ€‹â€â€â€ï»¿ â€Œâ€‹â€â€â€ï»¿ â€Œâ€‹â€â€â€ï»¿ â€Œâ€‹â€â€â€ï»¿ â€Œâ€‹â€â€â€ï»¿ â€Œâ€‹â€â€â€ï»¿ â€Œâ€‹â€â€â€ï»¿ â€Œâ€‹â€â€â€ï»¿ â€Œâ€‹â€â€â€ï»¿ â€Œâ€‹â€â€â€ï»¿ â€Œâ€‹â€â€â€ï»¿ â€Œâ€‹â€â€â€ï»¿ â€Œâ€‹â€â€â€ï»¿ â€Œâ€‹â€â€â€ï»¿ â€Œâ€‹â€â€â€ï»¿ â€Œâ€‹â€â€â€ï»¿ â€Œâ€‹â€â€â€ï»¿
"Mon, 19 May 2025 17:39:49 +0000",Coursera <Coursera@m.learn.coursera.org>,Recommended: Google Data Analytics,Ready to learn something new? Í â€Œ ï»¿ Í â€Œ ï»¿ Í â€Œ ï»¿ Í â€Œ ï»¿ Í â€Œ ï»¿ Í â€Œ ï»¿ Í â€Œ ï»¿ Í â€Œ ï»¿ Í â€Œ ï»¿ Í â€Œ ï»¿ Í â€Œ ï»¿ Í â€Œ ï»¿ Í â€Œ ï»¿ Í â€Œ ï»¿ Í â€Œ ï»¿ Í â€Œ ï»¿ Í â€Œ ï»¿ Í â€Œ ï»¿ Í â€Œ ï»¿ Í â€Œ ï»¿ Í â€Œ ï»¿ Í â€Œ ï»¿ Í â€Œ ï»¿ Í â€Œ ï»¿ Í â€Œ ï»¿ Í â€Œ ï»¿ Í â€Œ ï»¿ Í â€Œ ï»¿ Í â€Œ
"Thu, 15 May 2025 18:57:51 +0000",Coursera <Coursera@m.learn.coursera.org>,ğŸ“£ See whatâ€™s new in one easy-to-browse place,"Plus, build AI confidence in 5 minutes a day with our free GenAI series Í â€Œ ï»¿ Í â€Œ ï»¿ Í â€Œ ï»¿ Í â€Œ ï»¿ Í â€Œ ï»¿ Í â€Œ ï»¿ Í â€Œ ï»¿ Í â€Œ ï»¿ Í â€Œ ï»¿ Í â€Œ ï»¿ Í â€Œ ï»¿ Í â€Œ ï»¿ Í â€Œ ï»¿ Í â€Œ ï»¿ Í â€Œ ï»¿ Í â€Œ ï»¿ Í â€Œ ï»¿ Í â€Œ ï»¿ Í â€Œ ï»¿ Í â€Œ ï»¿ Í â€Œ ï»¿ Í â€Œ"
"Mon, 12 May 2025 17:38:43 +0000",Coursera <Coursera@m.learn.coursera.org>,Recommended: Google Data Analytics,Ready to learn something new? Í â€Œ ï»¿ Í â€Œ ï»¿ Í â€Œ ï»¿ Í â€Œ ï»¿ Í â€Œ ï»¿ Í â€Œ ï»¿ Í â€Œ ï»¿ Í â€Œ ï»¿ Í â€Œ ï»¿ Í â€Œ ï»¿ Í â€Œ ï»¿ Í â€Œ ï»¿ Í â€Œ ï»¿ Í â€Œ ï»¿ Í â€Œ ï»¿ Í â€Œ ï»¿ Í â€Œ ï»¿ Í â€Œ ï»¿ Í â€Œ ï»¿ Í â€Œ ï»¿ Í â€Œ ï»¿ Í â€Œ ï»¿ Í â€Œ ï»¿ Í â€Œ ï»¿ Í â€Œ ï»¿ Í â€Œ ï»¿ Í â€Œ ï»¿ Í â€Œ ï»¿ Í â€Œ
"Sat, 10 May 2025 07:46:10 -0700",Google Analytics <analytics-noreply@google.com>,Unlock the Power of Google Analytics Insights,"Welcome to Google Analytics! With Analytics now in your toolkit, you&#39;re on the verge of uncovering valuable insights into how users interact with your website or app, and across devices. Start"
"Sat, 10 May 2025 01:24:43 -0700",Google Developer Program <googledev-noreply@google.com>,Congrats! Your Google Developer Program journey starts now ğŸš€,Email not displaying correctly? View it online Email not displaying correctly? View it online Hello Abir Ehsan! We&#39;re excited to have you as part of the Google Developer Program! ğŸ‰ Now that you
"Sat, 10 May 2025 01:24:42 -0700",Firebase <firebase-no-reply@google.com>,Welcome to Firebase,"View the web version if this email isn&#39;t displaying well. Welcome to Firebase Hi Abir Ehsan, Welcome to Firebase! You&#39;re now part of a large community of professional developers, from"
"Sat, 10 May 2025 08:15:54 GMT",Google <no-reply@accounts.google.com>,Security alert,"A new sign-in on Windows abirehsanevan@gmail.com We noticed a new sign-in to your Google Account on a Windows device. If this was you, you don&#39;t need to do anything. If not, we&#39;ll help you"
"Fri, 09 May 2025 06:26:28 GMT",Google <no-reply@accounts.google.com>,Security alert,"Recovery phone was changed abirehsanevan@gmail.com The recovery phone for your account was changed. If you didn&#39;t change it, you should check what happened. Check activity You can also see security"
"Fri, 09 May 2025 06:25:53 GMT",Google <no-reply@accounts.google.com>,Security alert,"Your password was changed abirehsanevan@gmail.com The password for your Google account abirehsanevan@gmail.com was changed. If you didn&#39;t change it, you should recover your account. You can also"
"Thu, 08 May 2025 17:24:03 +0000",Coursera <Coursera@m.learn.coursera.org>,Start your data science certification journey,"Plus, build AI confidence in 5 minutes a day with our free GenAI series Í â€Œ ï»¿ Í â€Œ ï»¿ Í â€Œ ï»¿ Í â€Œ ï»¿ Í â€Œ ï»¿ Í â€Œ ï»¿ Í â€Œ ï»¿ Í â€Œ ï»¿ Í â€Œ ï»¿ Í â€Œ ï»¿ Í â€Œ ï»¿ Í â€Œ ï»¿ Í â€Œ ï»¿ Í â€Œ ï»¿ Í â€Œ ï»¿ Í â€Œ ï»¿ Í â€Œ ï»¿ Í â€Œ ï»¿ Í â€Œ ï»¿ Í â€Œ ï»¿ Í â€Œ ï»¿ Í â€Œ"
"Wed, 07 May 2025 05:50:36 +0000",Coursera <Coursera@m.learn.coursera.org>,The Secret to Perfect Work-Study Balance,Learn from PGDM Online Learners Í â€Œ ï»¿ Í â€Œ ï»¿ Í â€Œ ï»¿ Í â€Œ ï»¿ Í â€Œ ï»¿ Í â€Œ ï»¿ Í â€Œ ï»¿ Í â€Œ ï»¿ Í â€Œ ï»¿ Í â€Œ ï»¿ Í â€Œ ï»¿ Í â€Œ ï»¿ Í â€Œ ï»¿ Í â€Œ ï»¿ Í â€Œ ï»¿ Í â€Œ ï»¿ Í â€Œ ï»¿ Í â€Œ ï»¿ Í â€Œ ï»¿ Í â€Œ ï»¿ Í â€Œ ï»¿ Í â€Œ ï»¿ Í â€Œ ï»¿ Í â€Œ ï»¿ Í â€Œ ï»¿ Í â€Œ ï»¿ Í â€Œ ï»¿ Í â€Œ ï»¿ Í
"Mon, 05 May 2025 17:14:03 +0000",Coursera <Coursera@m.learn.coursera.org>,Recommended: Google Data Analytics,Ready to learn something new? Í â€Œ ï»¿ Í â€Œ ï»¿ Í â€Œ ï»¿ Í â€Œ ï»¿ Í â€Œ ï»¿ Í â€Œ ï»¿ Í â€Œ ï»¿ Í â€Œ ï»¿ Í â€Œ ï»¿ Í â€Œ ï»¿ Í â€Œ ï»¿ Í â€Œ ï»¿ Í â€Œ ï»¿ Í â€Œ ï»¿ Í â€Œ ï»¿ Í â€Œ ï»¿ Í â€Œ ï»¿ Í â€Œ ï»¿ Í â€Œ ï»¿ Í â€Œ ï»¿ Í â€Œ ï»¿ Í â€Œ ï»¿ Í â€Œ ï»¿ Í â€Œ ï»¿ Í â€Œ ï»¿ Í â€Œ ï»¿ Í â€Œ ï»¿ Í â€Œ ï»¿ Í â€Œ
"Mon, 28 Apr 2025 20:01:12 +0000",Coursera <Coursera@m.learn.coursera.org>,Earn your degree online from leading universities,Get the skills and the credential to advance your career Í â€Œ ï»¿ Í â€Œ ï»¿ Í â€Œ ï»¿ Í â€Œ ï»¿ Í â€Œ ï»¿ Í â€Œ ï»¿ Í â€Œ ï»¿ Í â€Œ ï»¿ Í â€Œ ï»¿ Í â€Œ ï»¿ Í â€Œ ï»¿ Í â€Œ ï»¿ Í â€Œ ï»¿ Í â€Œ ï»¿ Í â€Œ ï»¿ Í â€Œ ï»¿ Í â€Œ ï»¿ Í â€Œ ï»¿ Í â€Œ ï»¿ Í â€Œ ï»¿ Í â€Œ ï»¿ Í â€Œ ï»¿ Í â€Œ ï»¿ Í â€Œ ï»¿
"Fri, 25 Apr 2025 19:59:52 +0000",Coursera <Coursera@m.learn.coursera.org>,Start learning for free today,"World-class free courses, yours for the taking! Í â€Œ ï»¿ Í â€Œ ï»¿ Í â€Œ ï»¿ Í â€Œ ï»¿ Í â€Œ ï»¿ Í â€Œ ï»¿ Í â€Œ ï»¿ Í â€Œ ï»¿ Í â€Œ ï»¿ Í â€Œ ï»¿ Í â€Œ ï»¿ Í â€Œ ï»¿ Í â€Œ ï»¿ Í â€Œ ï»¿ Í â€Œ ï»¿ Í â€Œ ï»¿ Í â€Œ ï»¿ Í â€Œ ï»¿ Í â€Œ ï»¿ Í â€Œ ï»¿ Í â€Œ ï»¿ Í â€Œ ï»¿ Í â€Œ ï»¿ Í â€Œ ï»¿ Í â€Œ ï»¿ Í â€Œ"
"Mon, 21 Apr 2025 19:59:28 +0000",Coursera <Coursera@m.learn.coursera.org>,Get started with these free courses,Feel â€œfreeâ€ to start learning today! Í â€Œ ï»¿ Í â€Œ ï»¿ Í â€Œ ï»¿ Í â€Œ ï»¿ Í â€Œ ï»¿ Í â€Œ ï»¿ Í â€Œ ï»¿ Í â€Œ ï»¿ Í â€Œ ï»¿ Í â€Œ ï»¿ Í â€Œ ï»¿ Í â€Œ ï»¿ Í â€Œ ï»¿ Í â€Œ ï»¿ Í â€Œ ï»¿ Í â€Œ ï»¿ Í â€Œ ï»¿ Í â€Œ ï»¿ Í â€Œ ï»¿ Í â€Œ ï»¿ Í â€Œ ï»¿ Í â€Œ ï»¿ Í â€Œ ï»¿ Í â€Œ ï»¿ Í â€Œ ï»¿ Í â€Œ ï»¿ Í â€Œ ï»¿ Í
"Fri, 18 Apr 2025 19:58:46 +0000",Coursera <Coursera@m.learn.coursera.org>,"Build your skills, expand your horizons",Learn from the world&#39;s experts Í â€Œ ï»¿ Í â€Œ ï»¿ Í â€Œ ï»¿ Í â€Œ ï»¿ Í â€Œ ï»¿ Í â€Œ ï»¿ Í â€Œ ï»¿ Í â€Œ ï»¿ Í â€Œ ï»¿ Í â€Œ ï»¿ Í â€Œ ï»¿ Í â€Œ ï»¿ Í â€Œ ï»¿ Í â€Œ ï»¿ Í â€Œ ï»¿ Í â€Œ ï»¿ Í â€Œ ï»¿ Í â€Œ ï»¿ Í â€Œ ï»¿ Í â€Œ ï»¿ Í â€Œ ï»¿ Í â€Œ ï»¿ Í â€Œ ï»¿ Í â€Œ ï»¿ Í â€Œ ï»¿ Í â€Œ ï»¿ Í â€Œ ï»¿ Í â€Œ
"Wed, 16 Apr 2025 19:58:08 +0000",Coursera <Coursera@m.learn.coursera.org>,"Learn from Google, IBM, Meta, and more","Add skills, knowledge, and experience to your resume Í â€Œ ï»¿ Í â€Œ ï»¿ Í â€Œ ï»¿ Í â€Œ ï»¿ Í â€Œ ï»¿ Í â€Œ ï»¿ Í â€Œ ï»¿ Í â€Œ ï»¿ Í â€Œ ï»¿ Í â€Œ ï»¿ Í â€Œ ï»¿ Í â€Œ ï»¿ Í â€Œ ï»¿ Í â€Œ ï»¿ Í â€Œ ï»¿ Í â€Œ ï»¿ Í â€Œ ï»¿ Í â€Œ ï»¿ Í â€Œ ï»¿ Í â€Œ ï»¿ Í â€Œ ï»¿ Í â€Œ ï»¿ Í â€Œ ï»¿ Í â€Œ ï»¿ Í â€Œ"
"Mon, 14 Apr 2025 19:55:35 +0000",Coursera <Coursera@m.learn.coursera.org>,These programs are just for you,Get even more personalized content Í â€Œ ï»¿ Í â€Œ ï»¿ Í â€Œ ï»¿ Í â€Œ ï»¿ Í â€Œ ï»¿ Í â€Œ ï»¿ Í â€Œ ï»¿ Í â€Œ ï»¿ Í â€Œ ï»¿ Í â€Œ ï»¿ Í â€Œ ï»¿ Í â€Œ ï»¿ Í â€Œ ï»¿ Í â€Œ ï»¿ Í â€Œ ï»¿ Í â€Œ ï»¿ Í â€Œ ï»¿ Í â€Œ ï»¿ Í â€Œ ï»¿ Í â€Œ ï»¿ Í â€Œ ï»¿ Í â€Œ ï»¿ Í â€Œ ï»¿ Í â€Œ ï»¿ Í â€Œ ï»¿ Í â€Œ ï»¿ Í â€Œ ï»¿ Í â€Œ
"Sun, 13 Apr 2025 12:33:59 +0000",Coursera <Coursera@m.learn.coursera.org>,â° Ends tomorrow: Get Coursera Plus for 60% off,"Final chance to unlock 10000+ programs from Google, IBM, and more Í â€Œ ï»¿ Í â€Œ ï»¿ Í â€Œ ï»¿ Í â€Œ ï»¿ Í â€Œ ï»¿ Í â€Œ ï»¿ Í â€Œ ï»¿ Í â€Œ ï»¿ Í â€Œ ï»¿ Í â€Œ ï»¿ Í â€Œ ï»¿ Í â€Œ ï»¿ Í â€Œ ï»¿ Í â€Œ ï»¿ Í â€Œ ï»¿ Í â€Œ ï»¿ Í â€Œ ï»¿ Í â€Œ ï»¿ Í â€Œ ï»¿ Í â€Œ ï»¿ Í â€Œ ï»¿ Í â€Œ ï»¿ Í â€Œ"
"Fri, 11 Apr 2025 19:53:36 +0000",Coursera <Coursera@m.learn.coursera.org>,Your personalized recommendations are ready,Build career-relevant skills today Í â€Œ ï»¿ Í â€Œ ï»¿ Í â€Œ ï»¿ Í â€Œ ï»¿ Í â€Œ ï»¿ Í â€Œ ï»¿ Í â€Œ ï»¿ Í â€Œ ï»¿ Í â€Œ ï»¿ Í â€Œ ï»¿ Í â€Œ ï»¿ Í â€Œ ï»¿ Í â€Œ ï»¿ Í â€Œ ï»¿ Í â€Œ ï»¿ Í â€Œ ï»¿ Í â€Œ ï»¿ Í â€Œ ï»¿ Í â€Œ ï»¿ Í â€Œ ï»¿ Í â€Œ ï»¿ Í â€Œ ï»¿ Í â€Œ ï»¿ Í â€Œ ï»¿ Í â€Œ ï»¿ Í â€Œ ï»¿ Í â€Œ ï»¿ Í â€Œ
"Thu, 10 Apr 2025 12:42:08 +0000",Coursera <Coursera@m.learn.coursera.org>,Timeâ€™s almost up! Get brand new job-ready courses for 60% off,"Start learning e-commerce, graphic design, and more with these new courses Í â€Œ ï»¿ Í â€Œ ï»¿ Í â€Œ ï»¿ Í â€Œ ï»¿ Í â€Œ ï»¿ Í â€Œ ï»¿ Í â€Œ ï»¿ Í â€Œ ï»¿ Í â€Œ ï»¿ Í â€Œ ï»¿ Í â€Œ ï»¿ Í â€Œ ï»¿ Í â€Œ ï»¿ Í â€Œ ï»¿ Í â€Œ ï»¿ Í â€Œ ï»¿ Í â€Œ ï»¿ Í â€Œ ï»¿ Í â€Œ ï»¿ Í â€Œ ï»¿ Í â€Œ ï»¿"
"Tue, 08 Apr 2025 19:51:59 +0000",Coursera <Coursera@m.learn.coursera.org>,"Three truths about success, and so much more","It&#39;s all here, from interview tips to high-income skills worth learning. Í â€Œ ï»¿ Í â€Œ ï»¿ Í â€Œ ï»¿ Í â€Œ ï»¿ Í â€Œ ï»¿ Í â€Œ ï»¿ Í â€Œ ï»¿ Í â€Œ ï»¿ Í â€Œ ï»¿ Í â€Œ ï»¿ Í â€Œ ï»¿ Í â€Œ ï»¿ Í â€Œ ï»¿ Í â€Œ ï»¿ Í â€Œ ï»¿ Í â€Œ ï»¿ Í â€Œ ï»¿ Í â€Œ ï»¿ Í â€Œ ï»¿ Í â€Œ ï»¿ Í â€Œ"
"Sat, 05 Apr 2025 19:51:36 +0000",Coursera <Coursera@m.learn.coursera.org>,New job-ready skills await!,Add a career credential to your resume. Í â€Œ ï»¿ Í â€Œ ï»¿ Í â€Œ ï»¿ Í â€Œ ï»¿ Í â€Œ ï»¿ Í â€Œ ï»¿ Í â€Œ ï»¿ Í â€Œ ï»¿ Í â€Œ ï»¿ Í â€Œ ï»¿ Í â€Œ ï»¿ Í â€Œ ï»¿ Í â€Œ ï»¿ Í â€Œ ï»¿ Í â€Œ ï»¿ Í â€Œ ï»¿ Í â€Œ ï»¿ Í â€Œ ï»¿ Í â€Œ ï»¿ Í â€Œ ï»¿ Í â€Œ ï»¿ Í â€Œ ï»¿ Í â€Œ ï»¿ Í â€Œ ï»¿ Í â€Œ ï»¿ Í â€Œ ï»¿ Í â€Œ ï»¿
"Thu, 03 Apr 2025 12:39:33 +0000",Coursera <Coursera@m.learn.coursera.org>,Ending soon: Access all Microsoft courses for 60% off,Access premium tech certificates from industry leaders at Microsoft Í â€Œ ï»¿ Í â€Œ ï»¿ Í â€Œ ï»¿ Í â€Œ ï»¿ Í â€Œ ï»¿ Í â€Œ ï»¿ Í â€Œ ï»¿ Í â€Œ ï»¿ Í â€Œ ï»¿ Í â€Œ ï»¿ Í â€Œ ï»¿ Í â€Œ ï»¿ Í â€Œ ï»¿ Í â€Œ ï»¿ Í â€Œ ï»¿ Í â€Œ ï»¿ Í â€Œ ï»¿ Í â€Œ ï»¿ Í â€Œ ï»¿ Í â€Œ ï»¿ Í â€Œ ï»¿ Í â€Œ ï»¿ Í
"Wed, 02 Apr 2025 19:47:59 +0000",Coursera <Coursera@m.learn.coursera.org>,Interested in becoming a digital marketer?,Launch your career with a Google Professional Certificate. Í â€Œ ï»¿ Í â€Œ ï»¿ Í â€Œ ï»¿ Í â€Œ ï»¿ Í â€Œ ï»¿ Í â€Œ ï»¿ Í â€Œ ï»¿ Í â€Œ ï»¿ Í â€Œ ï»¿ Í â€Œ ï»¿ Í â€Œ ï»¿ Í â€Œ ï»¿ Í â€Œ ï»¿ Í â€Œ ï»¿ Í â€Œ ï»¿ Í â€Œ ï»¿ Í â€Œ ï»¿ Í â€Œ ï»¿ Í â€Œ ï»¿ Í â€Œ ï»¿ Í â€Œ ï»¿ Í â€Œ ï»¿ Í â€Œ ï»¿ Í â€Œ
"Sun, 30 Mar 2025 19:46:40 +0000",Coursera <Coursera@m.learn.coursera.org>,Finish a course in just 8 hours,Learn from top institutions Í â€Œ ï»¿ Í â€Œ ï»¿ Í â€Œ ï»¿ Í â€Œ ï»¿ Í â€Œ ï»¿ Í â€Œ ï»¿ Í â€Œ ï»¿ Í â€Œ ï»¿ Í â€Œ ï»¿ Í â€Œ ï»¿ Í â€Œ ï»¿ Í â€Œ ï»¿ Í â€Œ ï»¿ Í â€Œ ï»¿ Í â€Œ ï»¿ Í â€Œ ï»¿ Í â€Œ ï»¿ Í â€Œ ï»¿ Í â€Œ ï»¿ Í â€Œ ï»¿ Í â€Œ ï»¿ Í â€Œ ï»¿ Í â€Œ ï»¿ Í â€Œ ï»¿ Í â€Œ ï»¿ Í â€Œ ï»¿ Í â€Œ ï»¿ Í â€Œ ï»¿ Í â€Œ ï»¿
"Fri, 28 Mar 2025 19:46:21 +0000",Coursera <Coursera@m.learn.coursera.org>,Courses you can complete in 8 hours or less,"Learn data science, project management, marketing and more Í â€Œ ï»¿ Í â€Œ ï»¿ Í â€Œ ï»¿ Í â€Œ ï»¿ Í â€Œ ï»¿ Í â€Œ ï»¿ Í â€Œ ï»¿ Í â€Œ ï»¿ Í â€Œ ï»¿ Í â€Œ ï»¿ Í â€Œ ï»¿ Í â€Œ ï»¿ Í â€Œ ï»¿ Í â€Œ ï»¿ Í â€Œ ï»¿ Í â€Œ ï»¿ Í â€Œ ï»¿ Í â€Œ ï»¿ Í â€Œ ï»¿ Í â€Œ ï»¿ Í â€Œ ï»¿ Í â€Œ ï»¿ Í â€Œ ï»¿ Í â€Œ"
"Thu, 27 Mar 2025 12:42:20 +0000",Coursera <Coursera@m.learn.coursera.org>,Save on unlimited career skills. 60% off. ğŸ¤¯,"Ready to grow? Unlock 10000+ programs from Google, IBM, and more Í â€Œ ï»¿ Í â€Œ ï»¿ Í â€Œ ï»¿ Í â€Œ ï»¿ Í â€Œ ï»¿ Í â€Œ ï»¿ Í â€Œ ï»¿ Í â€Œ ï»¿ Í â€Œ ï»¿ Í â€Œ ï»¿ Í â€Œ ï»¿ Í â€Œ ï»¿ Í â€Œ ï»¿ Í â€Œ ï»¿ Í â€Œ ï»¿ Í â€Œ ï»¿ Í â€Œ ï»¿ Í â€Œ ï»¿ Í â€Œ ï»¿ Í â€Œ ï»¿ Í â€Œ ï»¿ Í â€Œ ï»¿ Í â€Œ"
"Wed, 26 Mar 2025 10:03:42 +0000",Coursera <Coursera@m.learn.coursera.org>,Welcome to a wonderful world of learning,We&#39;re excited to meet the newest member of Coursera&#39;s global communityâ€”you! Í â€Œ ï»¿ Í â€Œ ï»¿ Í â€Œ ï»¿ Í â€Œ ï»¿ Í â€Œ ï»¿ Í â€Œ ï»¿ Í â€Œ ï»¿ Í â€Œ ï»¿ Í â€Œ ï»¿ Í â€Œ ï»¿ Í â€Œ ï»¿ Í â€Œ ï»¿ Í â€Œ ï»¿ Í â€Œ ï»¿ Í â€Œ ï»¿ Í â€Œ ï»¿ Í â€Œ ï»¿ Í â€Œ ï»¿ Í â€Œ ï»¿ Í â€Œ
"Wed, 06 Nov 2024 00:16:06 +0000",QuillBot <updates@mail.quillbot.com>,Updates to the QuillBot Service Terms and Privacy Policy,"QuillBot Dear Customer, We are updating our Service Terms and Privacy Policy. We are making these changes to support our expanding business, clarify our terms, and ensure their continued transparency"
"Fri, 09 Aug 2024 13:28:18 -0700",Google Play <googleplay-noreply@google.com>,New Options to Manage Personalization on Google Play,"Hello Abir Ehsan, In the coming weeks, Google Play will launch new personalization options that give you more seamless control of your personalization preferences and allow you to better manage your"
"Wed, 12 Jun 2024 15:09:08 -0600",QuillBot <support@e-mail.quillbot.com>,â­ Save 20% with code GOPREMIUM,"Offer valid for 48 hours. QuillBot welcome Hey Abir! Together, we&#39;ve accomplished great things. And with QuillBot Premium, we can help you achieve even more. When you go Premium, you unlockâ€¦"
"Mon, 10 Jun 2024 15:08:23 -0600",QuillBot <support@e-mail.quillbot.com>,ğŸš€ Take the power of QuillBot everywhere,"Our extension works where you do. QuillBot welcome Hey Abir! Take the power of QuillBot&#39;s AI writing assistant across the internet, so you can improve your writing anywhere. Install QuillBot for"
"Fri, 07 Jun 2024 15:07:31 -0600",QuillBot <support@e-mail.quillbot.com>,ğŸ¤– 3 tips for getting started with QuillBot,"You&#39;ve unlocked better, faster writing. QuillBot welcome Hey Abir! By joining, you&#39;ve unlocked better, faster writing. Let&#39;s take a look at some of our most popular tools. Paraphraser"
"Mon, 27 May 2024 12:32:34 +0000",TestGorilla <hello@mail.testgorilla.com>,"Abir Ehsan showcase your skills, get job recommendations",What if you could showcase your skills in a way that gets noticed?Íâ€Œ Íâ€Œ Íâ€Œ Íâ€Œ Íâ€Œ Íâ€Œ Íâ€Œ Íâ€Œ Íâ€Œ Íâ€Œ Íâ€Œ Íâ€Œ Íâ€Œ Íâ€Œ Íâ€Œ Íâ€Œ Íâ€Œ Íâ€Œ Íâ€Œ Íâ€Œ Íâ€Œ Íâ€Œ Íâ€Œ Íâ€Œ Íâ€Œ Íâ€Œ Íâ€Œ Íâ€Œ Íâ€Œ Íâ€Œ Íâ€Œ Íâ€Œ Íâ€Œ Íâ€Œ Íâ€Œ Íâ€Œ Íâ€Œ Íâ€Œ Íâ€Œ Íâ€Œ Íâ€Œ Íâ€Œ Íâ€Œ Íâ€Œ Íâ€Œ
"Sat, 04 May 2024 23:26:54 -0700",Google <no-reply@accounts.google.com>,Learn more about our updated Terms of Service,"abirehsanevan@gmail.com We&#39;re updating our Terms of Service on May 22, 2024, so we wanted to let you know ahead of time. These changes won&#39;t affect the way you use our services, but they should"
"Tue, 30 Apr 2024 11:44:05 +0000",TestGorilla <hello@mail.testgorilla.com>,Recruiters want talent. Help them discover yours.,Opt into talent discovery and let recruiters find youÍâ€Œ Íâ€Œ Íâ€Œ Íâ€Œ Íâ€Œ Íâ€Œ Íâ€Œ Íâ€Œ Íâ€Œ Íâ€Œ Íâ€Œ Íâ€Œ Íâ€Œ Íâ€Œ Íâ€Œ Íâ€Œ Íâ€Œ Íâ€Œ Íâ€Œ Íâ€Œ Íâ€Œ Íâ€Œ Íâ€Œ Íâ€Œ Íâ€Œ Íâ€Œ Íâ€Œ Íâ€Œ Íâ€Œ Íâ€Œ Íâ€Œ Íâ€Œ Íâ€Œ Íâ€Œ Íâ€Œ Íâ€Œ Íâ€Œ Íâ€Œ Íâ€Œ Íâ€Œ Íâ€Œ Íâ€Œ Íâ€Œ Íâ€Œ Íâ€Œ Íâ€Œ Íâ€Œ Íâ€Œ Íâ€Œ
"Sat, 13 Apr 2024 00:48:25 -0700",Google Play <googleplay-noreply@google.com>,Your Google Play purchase verification settings,"Hi Abir Ehsan, On Google Play, you can set biometrics (fingerprint or face) as your purchase verification method on mobile devices that have biometric capability. If you set biometrics, it means you"
"Thu, 14 Mar 2024 07:36:23 +0000",NEXT Ventures Career <career@wearenext.io>,"Invitation: Phase 3 - Final Interview (Virtual Executive - Client Exp... @ Fri Mar 15, 2024 2:40pm - 3pm (GMT+6) (abirehsanevan@gmail.com)",Phase 3 - Final Interview (Virtual Executive - Client Experience) ğ‚ğ¨ğ¦ğ©ğšğ§ğ² ğğ¯ğğ«ğ¯ğ¢ğğ°: NEXT Ventures is one of the largest digital business groups building FinTech products and solutions for the world
"Thu, 14 Mar 2024 06:28:05 -0000",TestGorilla <hello@testgorilla.com>,Welcome to your TestGorilla Profile!,"Welcome to your TestGorilla Profile! Hi Abir Ehsan, Thank you for creating your TestGorilla Profile. You can now access your assessment results. Your data will not be shared with any company without"
"Thu, 14 Mar 2024 05:25:05 +0000",TestGorilla Assessments <assessments@testgorilla.com>,You've been invited to take an assessment for NEXT Ventures,"Hi You&#39;ve been invited to take an assessment for NEXT Ventures. Completing this assessment will allow you to demonstrate the skills required for this role, so the employer can focus on your"
"Wed, 13 Mar 2024 10:38:57 +0600",NEXT Ventures Career <career@wearenext.io>,"Phase 2-Online Assessment (Virtual Executive, Client Experience)","Dear Candidate, Greetings from Next Ventures, We are glad to see your interest in the position of Virtual Executive, Client Experience. We invite you to the second stage of the recruitment process"
"Mon, 04 Mar 2024 04:51:44 -0800",The Google Account Team <no-reply@accounts.google.com>,"âœ… Abir Ehsan, finish setting up your Xiaomi 11i HyperCharge device with Google",Finish set-up ğŸ“² â€Œ â€Œ â€Œ â€Œ â€Œ â€Œ â€Œ â€Œ â€Œ â€Œ â€Œ â€Œ â€Œ â€Œ â€Œ â€Œ â€Œ â€Œ â€Œ â€Œ â€Œ â€Œ â€Œ â€Œ â€Œ â€Œ â€Œ â€Œ â€Œ â€Œ â€Œ â€Œ â€Œ â€Œ â€Œ â€Œ â€Œ â€Œ â€Œ â€Œ â€Œ â€Œ â€Œ â€Œ â€Œ â€Œ â€Œ â€Œ â€Œ â€Œ â€Œ â€Œ â€Œ â€Œ â€Œ â€Œ â€Œ â€Œ â€Œ â€Œ â€Œ â€Œ â€Œ â€Œ â€Œ â€Œ â€Œ â€Œ â€Œ â€Œ â€Œ â€Œ â€Œ â€Œ â€Œ â€Œ â€Œ â€Œ â€Œ â€Œ â€Œ â€Œ â€Œ â€Œ â€Œ â€Œ â€Œ â€Œ â€Œ â€Œ â€Œ â€Œ â€Œ
"Sun, 03 Mar 2024 23:20:36 -0800",Google Community Team <googlecommunityteam-noreply@google.com>,"Abir Ehsan, finish setting up your new Google Account","Hi Abir Ehsan, Welcome to Google. Your new account comes with access to Google products, apps, and services. Here are a few tips to get you started. Get the most out of your Google Account We&#39;ll"
"Sun, 22 Feb 2026 11:46:52 +0600",Abir Ehsan Evan <abir.ehsan11@gmail.com>,Check mail,Siuuu
"Sun, 22 Feb 2026 05:13:26 GMT",Google <no-reply@accounts.google.com>,2-Step Verification turned on,"2-Step Verification turned on abirehsanevan@gmail.com Your Google Account abirehsanevan@gmail.com is now protected with 2-Step Verification. When you sign in on a new or untrusted device, you&#39;ll"
"Sun, 22 Feb 2026 05:13:17 GMT",Google <no-reply@accounts.google.com>,Security alert,"Your password was changed abirehsanevan@gmail.com The password for your Google account abirehsanevan@gmail.com was changed. If you didn&#39;t change it, you should recover your account. You can also"
"Sun, 22 Feb 2026 05:13:17 GMT",Google <no-reply@accounts.google.com>,Your Google Account was recovered successfully,"Account recovered successfully abirehsanevan@gmail.com Welcome back to your account If you suspect you were locked out of your account because of changes made by someone else, you should review &amp;"
"Thu, 19 Feb 2026 16:28:06 +0000",Coursera <Coursera@m.learn.coursera.org>,New from Google! Go from familiar to AI fluent in 10 hours,Enroll in the Google AI Professional Certificate and build career-ready AI skills Í â€Œ ï»¿ Í â€Œ ï»¿ Í â€Œ ï»¿ Í â€Œ ï»¿ Í â€Œ ï»¿ Í â€Œ ï»¿ Í â€Œ ï»¿ Í â€Œ ï»¿ Í â€Œ ï»¿ Í â€Œ ï»¿ Í â€Œ ï»¿ Í â€Œ ï»¿ Í â€Œ ï»¿ Í â€Œ ï»¿ Í â€Œ ï»¿ Í â€Œ ï»¿ Í â€Œ ï»¿ Í â€Œ ï»¿ Í â€Œ ï»¿ Í â€Œ ï»¿
"Wed, 18 Feb 2026 10:03:02 -0500",Team Pinecone <community@trypinecone.com>,February Global NewsletterÂ ,"The official Pinecone Assistant node for n8n, a 10M-vector benchmark guide, and a deep dive into the applicability problem in RAG. Í Í Í Í Í Í Í Í Í Í Í Í Í Í Í Í Í Í Í Í Í Í Í Í Í Í Í Í Í Í Í Í Í Í Í"
"Fri, 13 Feb 2026 12:44:40 -0800",Google Cloud <CloudPlatform-noreply@google.com>,[Product Update] Automatic enablement of new OpenTelemetry ingestion API,"We&#39;re enabling a new OTLP ingestion API starting Mar 23, 2026. MY CONSOLE Hello Abir Ehsan, You may have previously received a notification regarding this update. If so, please disregard this"
"Fri, 13 Feb 2026 08:12:32 +0000",Coursera <Coursera@m.learn.coursera.org>,ğŸ‰  This weekend only: 40% off Coursera Plus,Save over $70 and build endless new career skills Í â€Œ ï»¿ Í â€Œ ï»¿ Í â€Œ ï»¿ Í â€Œ ï»¿ Í â€Œ ï»¿ Í â€Œ ï»¿ Í â€Œ ï»¿ Í â€Œ ï»¿ Í â€Œ ï»¿ Í â€Œ ï»¿ Í â€Œ ï»¿ Í â€Œ ï»¿ Í â€Œ ï»¿ Í â€Œ ï»¿ Í â€Œ ï»¿ Í â€Œ ï»¿ Í â€Œ ï»¿ Í â€Œ ï»¿ Í â€Œ ï»¿ Í â€Œ ï»¿ Í â€Œ ï»¿ Í â€Œ ï»¿ Í â€Œ ï»¿ Í â€Œ ï»¿ Í â€Œ ï»¿ Í
"Thu, 12 Feb 2026 16:23:20 +0000",Coursera <Coursera@m.learn.coursera.org>,Build modern data architecture skills with Microsoft,"Advance your skills designing, optimizing, and scaling data systems. Í â€Œ ï»¿ Í â€Œ ï»¿ Í â€Œ ï»¿ Í â€Œ ï»¿ Í â€Œ ï»¿ Í â€Œ ï»¿ Í â€Œ ï»¿ Í â€Œ ï»¿ Í â€Œ ï»¿ Í â€Œ ï»¿ Í â€Œ ï»¿ Í â€Œ ï»¿ Í â€Œ ï»¿ Í â€Œ ï»¿ Í â€Œ ï»¿ Í â€Œ ï»¿ Í â€Œ ï»¿ Í â€Œ ï»¿ Í â€Œ ï»¿ Í â€Œ ï»¿ Í â€Œ ï»¿ Í â€Œ ï»¿"
"Fri, 06 Feb 2026 15:44:12 +0000 (UTC)",Spotify <no-reply@spotify.com>,1 month of offline listening with Premium for à§³0,"Listen to music no matter where you go. Get Spotify Premium. Keep the music playing anywhere Take your favorite songs off the grid. With Spotify Premium, download and keep listening to music offline."
"Thu, 05 Feb 2026 16:20:45 +0000",Coursera <Coursera@m.learn.coursera.org>,New! Microsoft Generative AI Certificate,"Learn to build, fine-tune, and deploy generative AI models with Microsoft tools. Í â€Œ ï»¿ Í â€Œ ï»¿ Í â€Œ ï»¿ Í â€Œ ï»¿ Í â€Œ ï»¿ Í â€Œ ï»¿ Í â€Œ ï»¿ Í â€Œ ï»¿ Í â€Œ ï»¿ Í â€Œ ï»¿ Í â€Œ ï»¿ Í â€Œ ï»¿ Í â€Œ ï»¿ Í â€Œ ï»¿ Í â€Œ ï»¿ Í â€Œ ï»¿ Í â€Œ ï»¿ Í â€Œ ï»¿ Í â€Œ ï»¿ Í â€Œ ï»¿"
"Wed, 4 Feb 2026 10:49:24 +0000",Spline Team <hello@mail.spline.design>,Latest Spline Features & News,âœ¨ New in Hana: Frame as Fill for 3D Shapes Project any 2D frame onto 3D shapes in real-time using Hana. This update enables seamless integration between 2D and 3D design on the same interactive canvas.
"Tue, 3 Feb 2026 10:17:23 +0000",Spline Tutorials <hello@mail.spline.design>,$5k prizes | Spline x Contra - Hana Challenge,Spline Logo Spline x Contra â€” Hana Challenge Spline x Contra challenge is back! Create interactive and animated content that pushes the boundaries of design. Build in Hana (Spline&#39;s 2D &amp; 3D
"Mon, 02 Feb 2026 06:40:37 +0000 (UTC)",Base44 <team@base44.com>,Level up your build with these quick wins,"You&#39;re closer than you think Base44 Hey Abir, Just checking in. How&#39;s your app coming along? Just remember, every great build starts with a little trial and error which is all part of the"
"Mon, 02 Feb 2026 06:38:48 +0000 (UTC)",Base44 <team@base44.com>,Your welcome offer: 30% off â€” expires soon,"Your offer won&#39;t last long â€” grab 30% off today. You&#39;re invited to a Base44 Team Hi Abir, Welcome to Base44! ğŸ‘‹ We&#39;re excited to have you here and we&#39;ve unlocked a personal welcome offer"
"Mon, 02 Feb 2026 00:00:00 +0000 (UTC)",Base44 Team <team@base44.com>,Fresh credits just dropped,"Base44 Hi Abir, Your Base44 daily credits have refreshed. You&#39;re officially good to go. âœ… Let&#39;s pick up right where you left off with Pathfinder AI. Jump back in They refresh automatically"
"Sun, 01 Feb 2026 13:22:38 +0000",Coursera <Coursera@m.learn.coursera.org>,ğŸš¨ Ends tomorrow: Save 50% and enjoy all that Coursera Plus offers,Last chance to save. Discover what this annual subscription is really worth. Í â€Œ ï»¿ Í â€Œ ï»¿ Í â€Œ ï»¿ Í â€Œ ï»¿ Í â€Œ ï»¿ Í â€Œ ï»¿ Í â€Œ ï»¿ Í â€Œ ï»¿ Í â€Œ ï»¿ Í â€Œ ï»¿ Í â€Œ ï»¿ Í â€Œ ï»¿ Í â€Œ ï»¿ Í â€Œ ï»¿ Í â€Œ ï»¿ Í â€Œ ï»¿ Í â€Œ ï»¿ Í â€Œ ï»¿ Í â€Œ ï»¿ Í â€Œ ï»¿ Í â€Œ
"Sun, 01 Feb 2026 06:39:38 +0000 (UTC)",Base44 <team@base44.com>,Day 1 of bringing your idea to life,"See what&#39;s possible (and how to start fast) Base44 Hey Abir, We&#39;re so glad you&#39;re here! ğŸ‰ You&#39;ve got ideas and now you can turn them into real products. Whether you&#39;re building a"
"Sat, 31 Jan 2026 06:49:43 GMT",Google <no-reply@accounts.google.com>,Security alert for mizanhafizurrahman@gmail.com,"This is a copy of a security alert sent to mizanhafizurrahman@gmail.com. abirehsanevan@gmail.com is the recovery email for this account. If you don&#39;t recognize this account, remove it. App password"
"Sat, 31 Jan 2026 06:47:09 GMT",Google <no-reply@accounts.google.com>,Security alert for mizanhafizurrahman@gmail.com,"This is a copy of a security alert sent to mizanhafizurrahman@gmail.com. abirehsanevan@gmail.com is the recovery email for this account. If you don&#39;t recognize this account, remove it. 2-Step"
"Sat, 31 Jan 2026 06:46:16 GMT",Google <no-reply@accounts.google.com>,Your email is now a recovery email for mizanhafizurrahman@gmail.com,"This is a copy of a security alert sent to mizanhafizurrahman@gmail.com. abirehsanevan@gmail.com is the recovery email for this account. If you don&#39;t recognize this account, remove it. Your email"
"Sat, 31 Jan 2026 06:45:49 +0000",Google <noreply@google.com>,Email verification code: 271798,Verify your recovery email Google received a request to use abirehsanevan@gmail.com as a recovery email for Google Account mizanhafizurrahman@gmail.com. Use this code to finish setting up this recovery
"Fri, 30 Jan 2026 18:13:29 +0000",Lovable <noreply@lovable.dev>,Power your app with Lovable Cloud âš¡,"Explore Lovable Cloud Hey there, You&#39;ve built a beautiful front end â€” now let&#39;s make it do things. With Lovable Cloud your app can save data and connect with other services, no coding required."
"Thu, 29 Jan 2026 13:14:19 +0000",Coursera <Coursera@m.learn.coursera.org>,ğŸš¨ Final days to save 50% and gain high-income skills,Last chance to start 2026 at a low price and grow your earning power Í â€Œ ï»¿ Í â€Œ ï»¿ Í â€Œ ï»¿ Í â€Œ ï»¿ Í â€Œ ï»¿ Í â€Œ ï»¿ Í â€Œ ï»¿ Í â€Œ ï»¿ Í â€Œ ï»¿ Í â€Œ ï»¿ Í â€Œ ï»¿ Í â€Œ ï»¿ Í â€Œ ï»¿ Í â€Œ ï»¿ Í â€Œ ï»¿ Í â€Œ ï»¿ Í â€Œ ï»¿ Í â€Œ ï»¿ Í â€Œ ï»¿ Í â€Œ ï»¿ Í â€Œ ï»¿ Í â€Œ ï»¿
"Wed, 28 Jan 2026 22:13:04 +0000",Lovable <noreply@lovable.dev>,Introducing a more intelligent Lovable,It&#39;s time to build more and manage less. Í Í Í Í Í Í Í Í Í Í Í Í Í Í Í Í Í Í Í Í Í Í Í Í Í Í Í Í Í Í Í Í Í Í Í Í Í Í Í Í Í Í Í Í Í Í Í Í Í Í Í Í Í Í Í Í Í Í Í Í Í Í Í Í Í Í Í Í Í Í Í Í Í Í Í Í Í Í
"Wed, 28 Jan 2026 18:13:16 +0000",Lovable <noreply@lovable.dev>,Give your project a glow up,"Give your project a glow-up Hey there, Designing your app in Lovable is as easy as it gets, no coding required. Here&#39;s how to make your app stand out: Visual Edits: Click â€œEditâ€ below the chat box,"
"Mon, 26 Jan 2026 18:09:09 +0000",Lovable <noreply@lovable.dev>,How to write the perfect prompt,"Lovable.dev How to write the perfect prompt Hey there, In Lovable, everything begins with your prompt. Here&#39;s 5 tips for making sure your builds start strong: Be specific: Include details about"
"Sat, 24 Jan 2026 13:14:33 +0000",Coursera <Coursera@m.learn.coursera.org>,â³ Time's almost up! Save 50% and see how Coursera Plus is priceless,This offer ends soon. Discover what this annual subscription is really worth. Í â€Œ ï»¿ Í â€Œ ï»¿ Í â€Œ ï»¿ Í â€Œ ï»¿ Í â€Œ ï»¿ Í â€Œ ï»¿ Í â€Œ ï»¿ Í â€Œ ï»¿ Í â€Œ ï»¿ Í â€Œ ï»¿ Í â€Œ ï»¿ Í â€Œ ï»¿ Í â€Œ ï»¿ Í â€Œ ï»¿ Í â€Œ ï»¿ Í â€Œ ï»¿ Í â€Œ ï»¿ Í â€Œ ï»¿ Í â€Œ ï»¿ Í â€Œ ï»¿ Í â€Œ
"Sat, 24 Jan 2026 09:35:41 +0000",Lovable <noreply@lovable.dev>,Welcome to Lovable.,Ready to build apps and websites by chatting with AI? Í Í Í Í Í Í Í Í Í Í Í Í Í Í Í Í Í Í Í Í Í Í Í Í Í Í Í Í Í Í Í Í Í Í Í Í Í Í Í Í Í Í Í Í Í Í Í Í Í Í Í Í Í Í Í Í Í Í Í Í Í Í Í Í Í Í Í Í Í Í Í Í Í Í
"Thu, 22 Jan 2026 13:13:05 +0000",Coursera <Coursera@m.learn.coursera.org>,ğŸ‘€ Offer ends soon! Save 50% and get endless value with Coursera Plus,Discover what this annual subscription is really worth. Í â€Œ ï»¿ Í â€Œ ï»¿ Í â€Œ ï»¿ Í â€Œ ï»¿ Í â€Œ ï»¿ Í â€Œ ï»¿ Í â€Œ ï»¿ Í â€Œ ï»¿ Í â€Œ ï»¿ Í â€Œ ï»¿ Í â€Œ ï»¿ Í â€Œ ï»¿ Í â€Œ ï»¿ Í â€Œ ï»¿ Í â€Œ ï»¿ Í â€Œ ï»¿ Í â€Œ ï»¿ Í â€Œ ï»¿ Í â€Œ ï»¿ Í â€Œ ï»¿ Í â€Œ ï»¿ Í â€Œ ï»¿ Í â€Œ ï»¿ Í â€Œ ï»¿ Í
"Wed, 21 Jan 2026 14:53:03 +0000",Canva <no-reply@account.canva.com>,Your login code is 227455,Enter 227455 in the next 10 minutes. Í Í Í Í Í Í Í Í Í Í Í Í Í Í Í Í Í Í Í Í Í Í Í Í Í Í Í Í Í Í Í Í Í Í Í Í Í Í Í Í Í Í Í Í Í Í Í Í Í Í Í Í Í Í Í Í Í Í Í Í Í Í Í Í Í Í Í Í Í Í Í Í Í Í Í Í Í Í Í Í Í Í
"Sun, 18 Jan 2026 14:38:11 +0600",Abir Ehsan Evan <abirehsanevan@gmail.com>,TTS,betopia-rag-chatbotv7 (STT and TTS free model).zip
"Sun, 18 Jan 2026 08:36:15 GMT",Google <no-reply@accounts.google.com>,Security alert,"New sign-in to your account abirehsanevan@gmail.com We noticed a new sign-in to your Google Account. If this was you, you don&#39;t need to do anything. If not, we&#39;ll help you secure your account."
"Sun, 18 Jan 2026 08:36:15 GMT",Google <no-reply@accounts.google.com>,Your Google Account was recovered successfully,"Account recovered successfully abirehsanevan@gmail.com Welcome back to your account If you suspect you were locked out of your account because of changes made by someone else, you should review &amp;"
"Thu, 15 Jan 2026 13:20:39 +0000",Coursera <Coursera@m.learn.coursera.org>,ğŸ§­ Ends soon! Save 50% along your data career journey,Data professionals wanted: Answer the call with Coursera Plus Í â€Œ ï»¿ Í â€Œ ï»¿ Í â€Œ ï»¿ Í â€Œ ï»¿ Í â€Œ ï»¿ Í â€Œ ï»¿ Í â€Œ ï»¿ Í â€Œ ï»¿ Í â€Œ ï»¿ Í â€Œ ï»¿ Í â€Œ ï»¿ Í â€Œ ï»¿ Í â€Œ ï»¿ Í â€Œ ï»¿ Í â€Œ ï»¿ Í â€Œ ï»¿ Í â€Œ ï»¿ Í â€Œ ï»¿ Í â€Œ ï»¿ Í â€Œ ï»¿ Í â€Œ ï»¿ Í â€Œ ï»¿ Í â€Œ ï»¿ Í
"Wed, 14 Jan 2026 13:42:48 +0000 (UTC)",Spotify <no-reply@spotify.com>,Enjoy 1 month of ad-free music listening for à§³0,Turn on nonstop music listening. Get Spotify Premium. Get 1 month of ad-free music listening with Spotify Keep the party going with ad-free music listening on Spotify Premium. GET 1 MONTH FOR à§³0
"Tue, 13 Jan 2026 06:19:08 +0000",Canva <no-reply@account.canva.com>,Your login code is 621225,Enter 621225 in the next 10 minutes. Í Í Í Í Í Í Í Í Í Í Í Í Í Í Í Í Í Í Í Í Í Í Í Í Í Í Í Í Í Í Í Í Í Í Í Í Í Í Í Í Í Í Í Í Í Í Í Í Í Í Í Í Í Í Í Í Í Í Í Í Í Í Í Í Í Í Í Í Í Í Í Í Í Í Í Í Í Í Í Í Í Í
"Thu, 08 Jan 2026 13:28:12 +0000",Coursera <Coursera@m.learn.coursera.org>,Save 50% now and skill up with Microsoft all year,"Master leading Microsoft tools like Copilot, 365, and Power BI Í â€Œ ï»¿ Í â€Œ ï»¿ Í â€Œ ï»¿ Í â€Œ ï»¿ Í â€Œ ï»¿ Í â€Œ ï»¿ Í â€Œ ï»¿ Í â€Œ ï»¿ Í â€Œ ï»¿ Í â€Œ ï»¿ Í â€Œ ï»¿ Í â€Œ ï»¿ Í â€Œ ï»¿ Í â€Œ ï»¿ Í â€Œ ï»¿ Í â€Œ ï»¿ Í â€Œ ï»¿ Í â€Œ ï»¿ Í â€Œ ï»¿ Í â€Œ ï»¿ Í â€Œ ï»¿ Í â€Œ ï»¿ Í â€Œ ï»¿"
"Thu, 8 Jan 2026 05:49:24 +0000",Canva <no-reply@account.canva.com>,Your login code is 557637,Enter 557637 in the next 10 minutes. Í Í Í Í Í Í Í Í Í Í Í Í Í Í Í Í Í Í Í Í Í Í Í Í Í Í Í Í Í Í Í Í Í Í Í Í Í Í Í Í Í Í Í Í Í Í Í Í Í Í Í Í Í Í Í Í Í Í Í Í Í Í Í Í Í Í Í Í Í Í Í Í Í Í Í Í Í Í Í Í Í Í
"Wed, 07 Jan 2026 07:43:32 +0000 (UTC)",Spotify <no-reply@spotify.com>,1 month of offline listening with Premium for à§³0,"Listen to music no matter where you go. Get Spotify Premium. Keep the music playing anywhere Take your favorite songs off the grid. With Spotify Premium, download and keep listening to music offline."
"Sat, 03 Jan 2026 23:33:58 -0800",Google AI Studio <googleaistudio-noreply@google.com>,"Hi Abir Ehsan, welcome to Google AI Studio",Build with the latest state-of-the-art models from Google DeepMind. â€Í Í â€Í Í â€Í Í â€Í Í â€Í Í â€Í Í â€Í Í â€Í Í â€Í Í â€Í Í â€Í Í â€Í Í â€Í Í â€Í Í â€Í Í â€Í Í â€Í Í â€Í Í â€Í Í â€Í Í â€Í Í â€Í Í â€Í Í â€Í Í â€Í Í â€Í Í â€Í
"Sun, 04 Jan 2026 05:19:20 GMT",Google <no-reply@accounts.google.com>,Security alert,"New sign-in to your account abirehsanevan@gmail.com We noticed a new sign-in to your Google Account. If this was you, you don&#39;t need to do anything. If not, we&#39;ll help you secure your account."
"Sun, 04 Jan 2026 05:19:20 GMT",Google <no-reply@accounts.google.com>,Your Google Account was recovered successfully,"Account recovered successfully abirehsanevan@gmail.com Welcome back to your account If you suspect you were locked out of your account because of changes made by someone else, you should review &amp;"
"Sat, 3 Jan 2026 03:58:43 +0000",Canva <no-reply@account.canva.com>,Your login code is 796503,Enter 796503 in the next 10 minutes. Í Í Í Í Í Í Í Í Í Í Í Í Í Í Í Í Í Í Í Í Í Í Í Í Í Í Í Í Í Í Í Í Í Í Í Í Í Í Í Í Í Í Í Í Í Í Í Í Í Í Í Í Í Í Í Í Í Í Í Í Í Í Í Í Í Í Í Í Í Í Í Í Í Í Í Í Í Í Í Í Í Í
"Thu, 01 Jan 2026 14:12:17 +0000",Coursera <Coursera@m.learn.coursera.org>,Wrap up 2025 with 50% off Coursera Plus for 2026,Tap into what&#39;s trending with New Year&#39;s savings on your subscription Í â€Œ ï»¿ Í â€Œ ï»¿ Í â€Œ ï»¿ Í â€Œ ï»¿ Í â€Œ ï»¿ Í â€Œ ï»¿ Í â€Œ ï»¿ Í â€Œ ï»¿ Í â€Œ ï»¿ Í â€Œ ï»¿ Í â€Œ ï»¿ Í â€Œ ï»¿ Í â€Œ ï»¿ Í â€Œ ï»¿ Í â€Œ ï»¿ Í â€Œ ï»¿ Í â€Œ ï»¿ Í â€Œ ï»¿ Í â€Œ ï»¿ Í â€Œ ï»¿ Í â€Œ
"Mon, 29 Dec 2025 10:31:47 -0500",Team Pinecone <community@pinecone.io>,Do you have any feedback for us?,"Any blockers with your Pinecone project? Pinecone Hi Abir Ehsan, We would love to hear from you! How has your experience with Pinecone been? Are there any RAG product features that are missing? What"
"Fri, 26 Dec 2025 10:31:46 -0500",Team Pinecone <community@pinecone.io>,Why RAG Developers Use Pinecone,"Learn how Pinecone Customers find success with the world&#39;s leading vector database. Pinecone Hi Abir Ehsan, We can come up with dozens of reasons why Pinecone is the world&#39;s leading vector"
"Fri, 26 Dec 2025 13:21:49 +0000",Coursera <Coursera@m.learn.coursera.org>,ğŸ’¡ End the year strong with 50% off Coursera Plus,Start your journey and join learners who improved their careers with Coursera Plus Í â€Œ ï»¿ Í â€Œ ï»¿ Í â€Œ ï»¿ Í â€Œ ï»¿ Í â€Œ ï»¿ Í â€Œ ï»¿ Í â€Œ ï»¿ Í â€Œ ï»¿ Í â€Œ ï»¿ Í â€Œ ï»¿ Í â€Œ ï»¿ Í â€Œ ï»¿ Í â€Œ ï»¿ Í â€Œ ï»¿ Í â€Œ ï»¿ Í â€Œ ï»¿ Í â€Œ ï»¿ Í â€Œ ï»¿ Í â€Œ ï»¿ Í â€Œ
"Mon, 22 Dec 2025 10:31:45 -0500",Team Pinecone <community@pinecone.io>,Improve your RAG accuracy,"Here are features that you can use to enhance your application Pinecone Hi Abir Ehsan, There are a variety of techniques you can use to increase the performance of your RAG application. One common"
"Sun, 21 Dec 2025 10:31:44 -0500",Team Pinecone <community@pinecone.io>,Important developer resources for you,"Pinecone RAG launches in minutes - powers complex applications. Pinecone Hi Abir Ehsan, Welcome to Pinecone! Our AI knowledge platform makes it easy to securely build AI RAG applications at scale. The"
"Sun, 22 Feb 2026 12:14:59 +0600",Abir Ehsan Evan <abir.ehsan11@gmail.com>,Check again,Real time?
